delivery_id,order_id,delivery_person_id,delivery_status,delivery_date
DEL1,Ord1,U110,Delivered,2024-01-03 11:25:00
DEL2,Ord2,U106,Delivered,2024-01-03 15:55:00
DEL3,Ord3,U109,Delivered,2024-01-05 16:18:00
DEL4,Ord4,U200,Delivered,2024-01-06 11:13:00
DEL5,Ord5,U114,Delivered,2024-01-06 18:42:00
DEL6,Ord6,U141,Delivered,2024-01-07 09:00:00
DEL7,Ord7,U133,Delivered,2024-01-07 10:59:00
DEL8,Ord8,U199,Delivered,2024-01-07 11:31:00
DEL9,Ord9,U141,Delivered,2024-01-07 14:45:00
DEL10,Ord10,U155,Delivered,2024-01-07 16:45:00
DEL11,Ord11,U118,Delivered,2024-01-07 17:41:00
DEL12,Ord12,U185,Delivered,2024-01-08 11:48:00
DEL13,Ord13,U116,Delivered,2024-01-09 13:11:00
DEL14,Ord14,U179,Delivered,2024-01-09 17:01:00
DEL15,Ord15,U155,Delivered,2024-01-10 13:10:00
DEL16,Ord16,U150,Delivered,2024-01-10 13:31:00
DEL17,Ord17,U137,Delivered,2024-01-10 14:47:00
DEL18,Ord18,U117,Delivered,2024-01-10 16:32:00
DEL19,Ord19,U102,Delivered,2024-01-10 17:20:00
DEL20,Ord20,U184,Delivered,2024-01-11 11:51:00
DEL21,Ord21,U179,Delivered,2024-01-11 13:45:00
DEL22,Ord22,U147,NULL,NULL
DEL23,Ord23,U129,Delivered,2024-01-11 18:14:00
DEL24,Ord24,U172,Delivered,2024-01-12 11:15:00
DEL25,Ord25,U116,Delivered,2024-01-12 15:52:00
DEL26,Ord26,U164,Delivered,2024-01-13 16:26:00
DEL27,Ord27,U106,NULL,NULL
DEL28,Ord28,U193,Delivered,2024-01-14 09:37:00
DEL29,Ord29,U188,Delivered,2024-01-14 10:34:00
DEL30,Ord30,U173,Delivered,2024-01-14 15:25:00
DEL31,Ord31,U181,Delivered,2024-01-14 16:05:00
DEL32,Ord32,U164,Delivered,2024-01-14 18:15:00
DEL33,Ord33,U179,Delivered,2024-01-15 10:24:00
DEL34,Ord34,U161,Delivered,2024-01-15 10:58:00
DEL35,Ord35,U142,Delivered,2024-01-15 13:29:00
DEL36,Ord36,U110,Delivered,2024-01-15 17:02:00
DEL37,Ord37,U156,NULL,NULL
DEL38,Ord38,U174,Delivered,2024-01-17 13:34:00
DEL39,Ord39,U107,Delivered,2024-01-18 13:25:00
DEL40,Ord40,U125,Delivered,2024-01-18 17:51:00
DEL41,Ord41,U190,Delivered,2024-01-18 17:59:00
DEL42,Ord42,U178,Delivered,2024-01-19 10:30:00
DEL43,Ord43,U200,Delivered,2024-01-19 11:18:00
DEL44,Ord44,U158,Delivered,2024-01-19 13:18:00
DEL45,Ord45,U140,Delivered,2024-01-19 15:17:00
DEL46,Ord46,U103,Delivered,2024-01-20 14:23:00
DEL47,Ord47,U118,Delivered,2024-01-20 15:23:00
DEL48,Ord48,U128,Delivered,2024-01-20 16:17:00
DEL49,Ord49,U113,Delivered,2024-01-21 10:12:00
DEL50,Ord50,U128,Delivered,2024-01-21 12:24:00
DEL51,Ord51,U143,Delivered,2024-01-21 13:43:00
DEL52,Ord52,U118,Delivered,2024-01-21 17:22:00
DEL53,Ord53,U163,Delivered,2024-01-22 09:06:00
DEL54,Ord54,U136,Delivered,2024-01-22 14:39:00
DEL55,Ord55,U193,Delivered,2024-01-22 16:49:00
DEL56,Ord56,U124,Delivered,2024-01-22 17:10:00
DEL57,Ord57,U163,NULL,NULL
DEL58,Ord58,U173,Delivered,2024-01-23 09:12:00
DEL59,Ord59,U181,Delivered,2024-01-23 11:19:00
DEL60,Ord60,U198,Delivered,2024-01-23 15:39:00
DEL61,Ord61,U140,Delivered,2024-01-24 11:56:00
DEL62,Ord62,U163,Delivered,2024-01-24 15:47:00
DEL63,Ord63,U149,Delivered,2024-01-24 18:51:00
DEL64,Ord64,U152,Delivered,2024-01-25 15:29:00
DEL65,Ord65,U112,Delivered,2024-01-25 16:52:00
DEL66,Ord66,U113,Delivered,2024-01-25 18:27:00
DEL67,Ord67,U146,Delivered,2024-01-25 18:39:00
DEL68,Ord68,U188,Delivered,2024-01-26 12:04:00
DEL69,Ord69,U201,Delivered,2024-01-26 13:05:00
DEL70,Ord70,U122,Delivered,2024-01-26 17:20:00
DEL71,Ord71,U143,Delivered,2024-01-27 10:40:00
DEL72,Ord72,U139,Delivered,2024-01-27 15:14:00
DEL73,Ord73,U149,Delivered,2024-01-27 16:27:00
DEL74,Ord74,U197,Delivered,2024-01-27 17:09:00
DEL75,Ord75,U107,Delivered,2024-01-27 17:51:00
DEL76,Ord76,U169,Delivered,2024-01-28 11:53:00
DEL77,Ord77,U187,Delivered,2024-01-28 11:56:00
DEL78,Ord78,U172,Delivered,2024-01-28 12:10:00
DEL79,Ord79,U200,Delivered,2024-01-28 14:00:00
DEL80,Ord80,U160,NULL,NULL
DEL81,Ord81,U176,Delivered,2024-01-28 17:20:00
DEL82,Ord82,U112,Delivered,2024-01-29 11:13:00
DEL83,Ord83,U151,Delivered,2024-01-29 11:59:00
DEL84,Ord84,U168,Delivered,2024-01-30 09:43:00
DEL85,Ord85,U120,Delivered,2024-01-30 10:16:00
DEL86,Ord86,U151,Delivered,2024-01-30 12:07:00
DEL87,Ord87,U175,Delivered,2024-01-30 14:53:00
DEL88,Ord88,U189,Delivered,2024-01-30 15:52:00
DEL89,Ord89,U136,Delivered,2024-01-30 16:58:00
DEL90,Ord90,U133,Delivered,2024-01-31 15:07:00
DEL91,Ord91,U164,Delivered,2024-01-31 17:28:00
DEL92,Ord92,U131,Delivered,2024-02-01 09:27:00
DEL93,Ord93,U163,Delivered,2024-02-01 10:35:00
DEL94,Ord94,U164,Delivered,2024-02-01 12:38:00
DEL95,Ord95,U177,Delivered,2024-02-01 14:20:00
DEL96,Ord96,U117,Delivered,2024-02-03 12:26:00
DEL97,Ord97,U102,Delivered,2024-02-03 12:48:00
DEL98,Ord98,U190,Delivered,2024-02-03 16:13:00
DEL99,Ord99,U130,Delivered,2024-02-05 11:01:00
DEL100,Ord100,U112,Delivered,2024-02-05 11:18:00
DEL101,Ord101,U149,Delivered,2024-02-05 13:22:00
DEL102,Ord102,U148,Delivered,2024-02-05 14:04:00
DEL103,Ord103,U189,Delivered,2024-02-05 15:01:00
DEL104,Ord104,U193,Delivered,2024-02-05 18:18:00
DEL105,Ord105,U102,Delivered,2024-02-06 11:22:00
DEL106,Ord106,U160,Delivered,2024-02-07 10:47:00
DEL107,Ord107,U135,Delivered,2024-02-07 11:17:00
DEL108,Ord108,U195,Delivered,2024-02-07 12:23:00
DEL109,Ord109,U135,Delivered,2024-02-07 13:00:00
DEL110,Ord110,U116,Delivered,2024-02-07 17:00:00
DEL111,Ord111,U187,Delivered,2024-02-07 17:05:00
DEL112,Ord112,U145,Delivered,2024-02-08 10:35:00
DEL113,Ord113,U180,Delivered,2024-02-08 13:45:00
DEL114,Ord114,U113,Delivered,2024-02-08 14:39:00
DEL115,Ord115,U104,Delivered,2024-02-08 15:13:00
DEL116,Ord116,U112,Delivered,2024-02-08 18:08:00
DEL117,Ord117,U128,Delivered,2024-02-08 18:54:00
DEL118,Ord118,U189,Delivered,2024-02-09 10:47:00
DEL119,Ord119,U185,Delivered,2024-02-09 12:36:00
DEL120,Ord120,U150,Delivered,2024-02-10 10:36:00
DEL121,Ord121,U105,Delivered,2024-02-11 15:41:00
DEL122,Ord122,U189,Delivered,2024-02-11 16:22:00
DEL123,Ord123,U166,Delivered,2024-02-12 09:39:00
DEL124,Ord124,U165,Delivered,2024-02-12 17:33:00
DEL125,Ord125,U186,Delivered,2024-02-13 14:04:00
DEL126,Ord126,U134,Delivered,2024-02-14 09:26:00
DEL127,Ord127,U111,Delivered,2024-02-14 10:45:00
DEL128,Ord128,U153,Delivered,2024-02-14 13:41:00
DEL129,Ord129,U167,Delivered,2024-02-16 10:51:00
DEL130,Ord130,U131,Delivered,2024-02-16 11:16:00
DEL131,Ord131,U125,Delivered,2024-02-17 11:50:00
DEL132,Ord132,U114,Delivered,2024-02-17 15:00:00
DEL133,Ord133,U117,Delivered,2024-02-18 10:58:00
DEL134,Ord134,U149,Delivered,2024-02-18 15:40:00
DEL135,Ord135,U112,Delivered,2024-02-18 18:24:00
DEL136,Ord136,U152,Delivered,2024-02-19 10:28:00
DEL137,Ord137,U187,Delivered,2024-02-19 16:09:00
DEL138,Ord138,U122,Delivered,2024-02-19 17:40:00
DEL139,Ord139,U188,Delivered,2024-02-20 09:32:00
DEL140,Ord140,U122,Delivered,2024-02-20 10:15:00
DEL141,Ord141,U180,Delivered,2024-02-20 13:06:00
DEL142,Ord142,U128,Delivered,2024-02-20 16:15:00
DEL143,Ord143,U180,Delivered,2024-02-20 17:49:00
DEL144,Ord144,U127,Delivered,2024-02-20 17:57:00
DEL145,Ord145,U123,Delivered,2024-02-21 10:56:00
DEL146,Ord146,U174,Delivered,2024-02-21 11:37:00
DEL147,Ord147,U111,Delivered,2024-02-21 18:12:00
DEL148,Ord148,U167,Delivered,2024-02-22 09:40:00
DEL149,Ord149,U161,Delivered,2024-02-22 09:43:00
DEL150,Ord150,U112,Delivered,2024-02-23 09:24:00
DEL151,Ord151,U146,Delivered,2024-02-23 11:06:00
DEL152,Ord152,U147,Delivered,2024-02-23 14:30:00
DEL153,Ord153,U116,Delivered,2024-02-24 10:41:00
DEL154,Ord154,U107,Delivered,2024-02-25 10:06:00
DEL155,Ord155,U195,Delivered,2024-02-25 12:03:00
DEL156,Ord156,U120,Delivered,2024-02-25 13:00:00
DEL157,Ord157,U169,Delivered,2024-02-25 16:24:00
DEL158,Ord158,U124,Delivered,2024-02-26 11:18:00
DEL159,Ord159,U164,Delivered,2024-02-26 15:31:00
DEL160,Ord160,U105,Delivered,2024-02-26 17:19:00
DEL161,Ord161,U181,Delivered,2024-02-27 16:20:00
DEL162,Ord162,U138,Delivered,2024-02-27 16:44:00
DEL163,Ord163,U193,Delivered,2024-02-28 09:33:00
DEL164,Ord164,U167,NULL,NULL
DEL165,Ord165,U156,Delivered,2024-02-28 15:49:00
DEL166,Ord166,U114,Delivered,2024-02-28 17:09:00
DEL167,Ord167,U197,Delivered,2024-02-29 14:34:00
DEL168,Ord168,U102,Delivered,2024-02-29 16:28:00
DEL169,Ord169,U105,Delivered,2024-02-29 17:37:00
DEL170,Ord170,U128,Delivered,2024-03-01 18:48:00
DEL171,Ord171,U198,Delivered,2024-03-02 12:11:00
DEL172,Ord172,U180,Delivered,2024-03-02 12:25:00
DEL173,Ord173,U194,Delivered,2024-03-02 13:49:00
DEL174,Ord174,U164,Delivered,2024-03-02 17:31:00
DEL175,Ord175,U169,Delivered,2024-03-03 09:10:00
DEL176,Ord176,U119,Delivered,2024-03-03 16:47:00
DEL177,Ord177,U161,Delivered,2024-03-03 17:35:00
DEL178,Ord178,U201,Delivered,2024-03-03 18:32:00
DEL179,Ord179,U138,Delivered,2024-03-04 13:57:00
DEL180,Ord180,U136,Delivered,2024-03-04 16:30:00
DEL181,Ord181,U156,Delivered,2024-03-04 17:04:00
DEL182,Ord182,U106,Delivered,2024-03-04 18:42:00
DEL183,Ord183,U194,Delivered,2024-03-05 09:15:00
DEL184,Ord184,U158,Delivered,2024-03-05 14:33:00
DEL185,Ord185,U179,Delivered,2024-03-06 11:30:00
DEL186,Ord186,U188,Delivered,2024-03-06 12:04:00
DEL187,Ord187,U181,Delivered,2024-03-06 14:47:00
DEL188,Ord188,U143,Delivered,2024-03-07 10:42:00
DEL189,Ord189,U126,Delivered,2024-03-07 12:01:00
DEL190,Ord190,U151,Delivered,2024-03-07 14:48:00
DEL191,Ord191,U169,Delivered,2024-03-07 16:47:00
DEL192,Ord192,U192,Delivered,2024-03-08 09:20:00
DEL193,Ord193,U198,Delivered,2024-03-08 11:38:00
DEL194,Ord194,U177,Delivered,2024-03-08 16:37:00
DEL195,Ord195,U106,Delivered,2024-03-08 17:55:00
DEL196,Ord196,U149,Delivered,2024-03-09 18:42:00
DEL197,Ord197,U146,Delivered,2024-03-09 18:54:00
DEL198,Ord198,U126,Delivered,2024-03-10 09:25:00
DEL199,Ord199,U144,Delivered,2024-03-10 10:04:00
DEL200,Ord200,U110,Delivered,2024-03-10 13:21:00
DEL201,Ord201,U124,Delivered,2024-03-10 16:22:00
DEL202,Ord202,U118,Delivered,2024-03-11 10:18:00
DEL203,Ord203,U169,Delivered,2024-03-11 10:26:00
DEL204,Ord204,U182,Delivered,2024-03-13 14:48:00
DEL205,Ord205,U168,Delivered,2024-03-13 17:50:00
DEL206,Ord206,U106,Delivered,2024-03-14 14:28:00
DEL207,Ord207,U167,Delivered,2024-03-15 09:56:00
DEL208,Ord208,U146,Delivered,2024-03-15 18:49:00
DEL209,Ord209,U125,Delivered,2024-03-16 09:00:00
DEL210,Ord210,U186,Delivered,2024-03-16 12:39:00
DEL211,Ord211,U119,Delivered,2024-03-16 13:55:00
DEL212,Ord212,U143,Delivered,2024-03-16 18:53:00
DEL213,Ord213,U165,Delivered,2024-03-17 11:27:00
DEL214,Ord214,U132,Delivered,2024-03-17 12:38:00
DEL215,Ord215,U170,Delivered,2024-03-17 14:47:00
DEL216,Ord216,U180,Delivered,2024-03-17 15:38:00
DEL217,Ord217,U134,Delivered,2024-03-18 10:34:00
DEL218,Ord218,U168,Delivered,2024-03-19 15:59:00
DEL219,Ord219,U188,Delivered,2024-03-20 09:49:00
DEL220,Ord220,U168,Delivered,2024-03-21 18:39:00
DEL221,Ord221,U113,Delivered,2024-03-23 10:20:00
DEL222,Ord222,U130,Delivered,2024-03-23 13:22:00
DEL223,Ord223,U116,Delivered,2024-03-24 15:42:00
DEL224,Ord224,U129,Delivered,2024-03-25 13:25:00
DEL225,Ord225,U133,Delivered,2024-03-25 16:28:00
DEL226,Ord226,U196,Delivered,2024-03-25 16:53:00
DEL227,Ord227,U173,Delivered,2024-03-25 17:59:00
DEL228,Ord228,U165,Delivered,2024-03-26 11:47:00
DEL229,Ord229,U107,NULL,NULL
DEL230,Ord230,U194,Delivered,2024-03-26 13:24:00
DEL231,Ord231,U136,Delivered,2024-03-26 15:03:00
DEL232,Ord232,U200,Delivered,2024-03-26 16:38:00
DEL233,Ord233,U137,Delivered,2024-03-26 17:20:00
DEL234,Ord234,U152,Delivered,2024-03-27 09:25:00
DEL235,Ord235,U118,Delivered,2024-03-27 09:58:00
DEL236,Ord236,U141,Delivered,2024-03-27 10:48:00
DEL237,Ord237,U157,Delivered,2024-03-27 14:34:00
DEL238,Ord238,U179,Delivered,2024-03-27 15:37:00
DEL239,Ord239,U144,Delivered,2024-03-28 12:53:00
DEL240,Ord240,U124,Delivered,2024-03-28 13:45:00
DEL241,Ord241,U109,Delivered,2024-03-28 15:00:00
DEL242,Ord242,U159,Delivered,2024-03-28 15:25:00
DEL243,Ord243,U193,Delivered,2024-03-28 17:36:00
DEL244,Ord244,U150,Delivered,2024-03-29 09:24:00
DEL245,Ord245,U173,Delivered,2024-03-29 12:23:00
DEL246,Ord246,U187,Delivered,2024-03-30 10:33:00
DEL247,Ord247,U164,Delivered,2024-03-30 16:13:00
DEL248,Ord248,U192,Delivered,2024-03-31 15:19:00
DEL249,Ord249,U148,Delivered,2024-03-31 18:43:00
DEL250,Ord250,U184,Delivered,2024-04-01 11:05:00
DEL251,Ord251,U196,Delivered,2024-04-01 11:11:00
DEL252,Ord252,U200,Delivered,2024-04-01 16:12:00
DEL253,Ord253,U114,NULL,NULL
DEL254,Ord254,U130,Delivered,2024-04-02 11:17:00
DEL255,Ord255,U187,Delivered,2024-04-02 11:51:00
DEL256,Ord256,U114,Delivered,2024-04-02 14:13:00
DEL257,Ord257,U131,Delivered,2024-04-02 17:16:00
DEL258,Ord258,U128,Delivered,2024-04-02 17:50:00
DEL259,Ord259,U153,Delivered,2024-04-02 18:03:00
DEL260,Ord260,U171,Delivered,2024-04-02 18:14:00
DEL261,Ord261,U197,Delivered,2024-04-03 09:24:00
DEL262,Ord262,U171,Delivered,2024-04-03 12:28:00
DEL263,Ord263,U125,Delivered,2024-04-03 13:55:00
DEL264,Ord264,U139,Delivered,2024-04-03 16:31:00
DEL265,Ord265,U193,Delivered,2024-04-04 09:19:00
DEL266,Ord266,U111,Delivered,2024-04-04 12:03:00
DEL267,Ord267,U179,Delivered,2024-04-04 15:32:00
DEL268,Ord268,U190,Delivered,2024-04-05 11:18:00
DEL269,Ord269,U188,Delivered,2024-04-05 13:39:00
DEL270,Ord270,U129,Delivered,2024-04-05 14:48:00
DEL271,Ord271,U191,Delivered,2024-04-05 15:24:00
DEL272,Ord272,U165,Delivered,2024-04-05 18:30:00
DEL273,Ord273,U117,Delivered,2024-04-06 10:09:00
DEL274,Ord274,U108,Delivered,2024-04-06 11:33:00
DEL275,Ord275,U114,Delivered,2024-04-07 09:25:00
DEL276,Ord276,U128,Delivered,2024-04-07 10:00:00
DEL277,Ord277,U149,Delivered,2024-04-07 10:21:00
DEL278,Ord278,U160,Delivered,2024-04-07 14:20:00
DEL279,Ord279,U141,Delivered,2024-04-07 15:04:00
DEL280,Ord280,U158,Delivered,2024-04-08 11:28:00
DEL281,Ord281,U112,NULL,NULL
DEL282,Ord282,U154,Delivered,2024-04-08 15:32:00
DEL283,Ord283,U115,Delivered,2024-04-09 18:42:00
DEL284,Ord284,U119,Delivered,2024-04-10 10:42:00
DEL285,Ord285,U115,Delivered,2024-04-10 14:19:00
DEL286,Ord286,U131,Delivered,2024-04-10 14:31:00
DEL287,Ord287,U130,Delivered,2024-04-10 15:11:00
DEL288,Ord288,U112,Delivered,2024-04-10 17:42:00
DEL289,Ord289,U182,Delivered,2024-04-10 18:29:00
DEL290,Ord290,U155,Delivered,2024-04-12 10:20:00
DEL291,Ord291,U126,Delivered,2024-04-12 15:55:00
DEL292,Ord292,U133,Delivered,2024-04-13 14:26:00
DEL293,Ord293,U137,Delivered,2024-04-14 09:04:00
DEL294,Ord294,U136,Delivered,2024-04-14 14:12:00
DEL295,Ord295,U192,Delivered,2024-04-14 18:12:00
DEL296,Ord296,U139,Delivered,2024-04-15 09:45:00
DEL297,Ord297,U109,Delivered,2024-04-15 11:22:00
DEL298,Ord298,U156,Delivered,2024-04-15 18:38:00
DEL299,Ord299,U174,Delivered,2024-04-16 14:17:00
DEL300,Ord300,U189,Delivered,2024-04-16 16:26:00
DEL301,Ord301,U124,Delivered,2024-04-16 18:39:00
DEL302,Ord302,U138,Delivered,2024-04-17 12:42:00
DEL303,Ord303,U129,Delivered,2024-04-17 15:25:00
DEL304,Ord304,U146,Delivered,2024-04-18 14:25:00
DEL305,Ord305,U112,Delivered,2024-04-19 11:57:00
DEL306,Ord306,U200,Delivered,2024-04-19 12:44:00
DEL307,Ord307,U140,Delivered,2024-04-19 17:32:00
DEL308,Ord308,U184,Delivered,2024-04-20 11:51:00
DEL309,Ord309,U176,Delivered,2024-04-20 13:29:00
DEL310,Ord310,U158,Delivered,2024-04-21 12:13:00
DEL311,Ord311,U136,Delivered,2024-04-21 13:23:00
DEL312,Ord312,U167,NULL,NULL
DEL313,Ord313,U134,NULL,NULL
DEL314,Ord314,U159,Delivered,2024-04-22 09:24:00
DEL315,Ord315,U104,Delivered,2024-04-22 10:02:00
DEL316,Ord316,U115,Delivered,2024-04-22 10:05:00
DEL317,Ord317,U188,Delivered,2024-04-22 13:27:00
DEL318,Ord318,U111,Delivered,2024-04-22 15:02:00
DEL319,Ord319,U140,Delivered,2024-04-23 12:55:00
DEL320,Ord320,U166,Delivered,2024-04-24 16:37:00
DEL321,Ord321,U170,NULL,NULL
DEL322,Ord322,U182,Delivered,2024-04-25 10:23:00
DEL323,Ord323,U196,Delivered,2024-04-25 11:50:00
DEL324,Ord324,U122,NULL,NULL
DEL325,Ord325,U138,Delivered,2024-04-26 14:03:00
DEL326,Ord326,U113,Delivered,2024-04-28 09:20:00
DEL327,Ord327,U172,Delivered,2024-04-28 10:01:00
DEL328,Ord328,U147,Delivered,2024-04-29 10:33:00
DEL329,Ord329,U177,Delivered,2024-04-29 11:59:00
DEL330,Ord330,U146,Delivered,2024-04-29 12:47:00
DEL331,Ord331,U152,Delivered,2024-04-29 15:48:00
DEL332,Ord332,U166,Delivered,2024-04-29 16:52:00
DEL333,Ord333,U138,Delivered,2024-04-29 17:27:00
DEL334,Ord334,U135,Delivered,2024-04-30 12:20:00
DEL335,Ord335,U177,Delivered,2024-04-30 16:15:00
DEL336,Ord336,U186,Delivered,2024-04-30 18:09:00
DEL337,Ord337,U144,Delivered,2024-05-01 10:13:00
DEL338,Ord338,U170,Delivered,2024-05-01 16:19:00
DEL339,Ord339,U155,Delivered,2024-05-02 17:37:00
DEL340,Ord340,U104,Delivered,2024-05-03 10:10:00
DEL341,Ord341,U131,Delivered,2024-05-03 16:36:00
DEL342,Ord342,U132,Delivered,2024-05-03 16:40:00
DEL343,Ord343,U105,Delivered,2024-05-03 18:33:00
DEL344,Ord344,U106,Delivered,2024-05-04 10:12:00
DEL345,Ord345,U175,Delivered,2024-05-04 12:25:00
DEL346,Ord346,U108,Delivered,2024-05-05 12:14:00
DEL347,Ord347,U159,Delivered,2024-05-05 12:18:00
DEL348,Ord348,U143,Delivered,2024-05-05 15:28:00
DEL349,Ord349,U133,Delivered,2024-05-06 17:47:00
DEL350,Ord350,U115,NULL,NULL
DEL351,Ord351,U139,Delivered,2024-05-07 14:01:00
DEL352,Ord352,U154,Delivered,2024-05-07 14:11:00
DEL353,Ord353,U134,Delivered,2024-05-07 15:25:00
DEL354,Ord354,U189,Delivered,2024-05-07 17:44:00
DEL355,Ord355,U168,NULL,NULL
DEL356,Ord356,U155,Delivered,2024-05-08 14:21:00
DEL357,Ord357,U159,Delivered,2024-05-09 10:54:00
DEL358,Ord358,U142,NULL,NULL
DEL359,Ord359,U155,Delivered,2024-05-09 14:58:00
DEL360,Ord360,U130,Delivered,2024-05-09 17:58:00
DEL361,Ord361,U172,Delivered,2024-05-10 09:18:00
DEL362,Ord362,U128,Delivered,2024-05-10 09:43:00
DEL363,Ord363,U144,Delivered,2024-05-10 09:58:00
DEL364,Ord364,U139,Delivered,2024-05-10 16:20:00
DEL365,Ord365,U120,Delivered,2024-05-10 17:33:00
DEL366,Ord366,U135,Delivered,2024-05-10 18:10:00
DEL367,Ord367,U181,Delivered,2024-05-11 09:51:00
DEL368,Ord368,U178,Delivered,2024-05-11 18:34:00
DEL369,Ord369,U130,Delivered,2024-05-12 11:54:00
DEL370,Ord370,U170,Delivered,2024-05-12 11:58:00
DEL371,Ord371,U173,Delivered,2024-05-12 17:13:00
DEL372,Ord372,U157,Delivered,2024-05-13 12:48:00
DEL373,Ord373,U170,Delivered,2024-05-13 13:02:00
DEL374,Ord374,U197,Delivered,2024-05-13 16:47:00
DEL375,Ord375,U136,Delivered,2024-05-13 17:18:00
DEL376,Ord376,U145,Delivered,2024-05-14 12:09:00
DEL377,Ord377,U159,Delivered,2024-05-14 17:14:00
DEL378,Ord378,U182,Delivered,2024-05-14 17:36:00
DEL379,Ord379,U110,NULL,NULL
DEL380,Ord380,U188,Delivered,2024-05-15 17:42:00
DEL381,Ord381,U175,Delivered,2024-05-16 12:25:00
DEL382,Ord382,U105,Delivered,2024-05-16 17:32:00
DEL383,Ord383,U107,Delivered,2024-05-17 12:18:00
DEL384,Ord384,U147,Delivered,2024-05-17 13:40:00
DEL385,Ord385,U119,NULL,NULL
DEL386,Ord386,U154,Delivered,2024-05-17 15:04:00
DEL387,Ord387,U192,Delivered,2024-05-17 15:45:00
DEL388,Ord388,U160,Delivered,2024-05-17 17:49:00
DEL389,Ord389,U109,Delivered,2024-05-18 09:05:00
DEL390,Ord390,U146,Delivered,2024-05-18 15:32:00
DEL391,Ord391,U122,Delivered,2024-05-19 12:33:00
DEL392,Ord392,U149,Delivered,2024-05-19 13:09:00
DEL393,Ord393,U139,Delivered,2024-05-19 15:26:00
DEL394,Ord394,U172,Delivered,2024-05-20 11:17:00
DEL395,Ord395,U187,Delivered,2024-05-20 15:41:00
DEL396,Ord396,U191,Delivered,2024-05-21 12:08:00
DEL397,Ord397,U121,Delivered,2024-05-21 13:01:00
DEL398,Ord398,U180,Delivered,2024-05-21 15:31:00
DEL399,Ord399,U127,Delivered,2024-05-22 11:04:00
DEL400,Ord400,U186,Delivered,2024-05-23 10:33:00
DEL401,Ord401,U104,Delivered,2024-05-23 12:01:00
DEL402,Ord402,U192,Delivered,2024-05-23 13:00:00
DEL403,Ord403,U128,Delivered,2024-05-23 15:05:00
DEL404,Ord404,U178,Delivered,2024-05-23 17:59:00
DEL405,Ord405,U144,Delivered,2024-05-23 18:51:00
DEL406,Ord406,U121,Delivered,2024-05-24 09:39:00
DEL407,Ord407,U114,Delivered,2024-05-24 14:04:00
DEL408,Ord408,U141,Delivered,2024-05-24 17:40:00
DEL409,Ord409,U171,Delivered,2024-05-24 17:48:00
DEL410,Ord410,U157,Delivered,2024-05-24 18:22:00
DEL411,Ord411,U117,Delivered,2024-05-25 09:30:00
DEL412,Ord412,U111,Delivered,2024-05-25 10:11:00
DEL413,Ord413,U127,NULL,NULL
DEL414,Ord414,U138,Delivered,2024-05-25 15:07:00
DEL415,Ord415,U175,Delivered,2024-05-27 11:24:00
DEL416,Ord416,U120,Delivered,2024-05-27 11:39:00
DEL417,Ord417,U154,Delivered,2024-05-27 17:00:00
DEL418,Ord418,U139,Delivered,2024-05-27 17:07:00
DEL419,Ord419,U173,NULL,NULL
DEL420,Ord420,U130,Delivered,2024-05-28 09:12:00
DEL421,Ord421,U143,Delivered,2024-05-28 10:59:00
DEL422,Ord422,U190,Delivered,2024-05-28 13:26:00
DEL423,Ord423,U134,Delivered,2024-05-29 13:51:00
DEL424,Ord424,U154,Delivered,2024-05-29 16:24:00
DEL425,Ord425,U105,Delivered,2024-05-29 16:59:00
DEL426,Ord426,U109,Delivered,2024-05-29 17:15:00
DEL427,Ord427,U121,Delivered,2024-05-30 10:36:00
DEL428,Ord428,U102,Delivered,2024-05-30 12:19:00
DEL429,Ord429,U113,Delivered,2024-05-30 13:49:00
DEL430,Ord430,U152,Delivered,2024-05-30 14:32:00
DEL431,Ord431,U180,Delivered,2024-05-30 15:57:00
DEL432,Ord432,U197,Delivered,2024-05-31 10:34:00
DEL433,Ord433,U181,Delivered,2024-05-31 11:15:00
DEL434,Ord434,U201,Delivered,2024-05-31 18:04:00
DEL435,Ord435,U124,Delivered,2024-05-31 18:58:00
DEL436,Ord436,U127,Delivered,2024-06-01 17:51:00
DEL437,Ord437,U114,Delivered,2024-06-02 16:08:00
DEL438,Ord438,U192,Delivered,2024-06-02 17:18:00
DEL439,Ord439,U163,Delivered,2024-06-02 18:02:00
DEL440,Ord440,U156,Delivered,2024-06-02 18:18:00
DEL441,Ord441,U199,Delivered,2024-06-03 11:10:00
DEL442,Ord442,U122,Delivered,2024-06-03 11:52:00
DEL443,Ord443,U179,Delivered,2024-06-03 16:52:00
DEL444,Ord444,U157,NULL,NULL
DEL445,Ord445,U169,Delivered,2024-06-05 12:34:00
DEL446,Ord446,U160,Delivered,2024-06-05 13:07:00
DEL447,Ord447,U140,Delivered,2024-06-06 13:50:00
DEL448,Ord448,U108,Delivered,2024-06-06 14:00:00
DEL449,Ord449,U168,Delivered,2024-06-06 14:09:00
DEL450,Ord450,U164,Delivered,2024-06-06 18:51:00
DEL451,Ord451,U128,Delivered,2024-06-07 09:32:00
DEL452,Ord452,U177,Delivered,2024-06-07 15:02:00
DEL453,Ord453,U146,Delivered,2024-06-07 15:41:00
DEL454,Ord454,U121,Delivered,2024-06-08 13:24:00
DEL455,Ord455,U169,Delivered,2024-06-08 14:08:00
DEL456,Ord456,U104,Delivered,2024-06-08 16:58:00
DEL457,Ord457,U178,Delivered,2024-06-09 09:19:00
DEL458,Ord458,U151,Delivered,2024-06-09 11:29:00
DEL459,Ord459,U132,NULL,NULL
DEL460,Ord460,U161,Delivered,2024-06-10 10:53:00
DEL461,Ord461,U159,Delivered,2024-06-10 13:47:00
DEL462,Ord462,U123,Delivered,2024-06-10 13:57:00
DEL463,Ord463,U124,Delivered,2024-06-10 17:51:00
DEL464,Ord464,U107,Delivered,2024-06-11 16:31:00
DEL465,Ord465,U147,NULL,NULL
DEL466,Ord466,U120,Delivered,2024-06-12 10:12:00
DEL467,Ord467,U164,Delivered,2024-06-12 13:12:00
DEL468,Ord468,U153,Delivered,2024-06-12 15:04:00
DEL469,Ord469,U111,Delivered,2024-06-12 15:23:00
DEL470,Ord470,U139,Delivered,2024-06-13 11:35:00
DEL471,Ord471,U128,Delivered,2024-06-13 11:48:00
DEL472,Ord472,U158,Delivered,2024-06-13 13:53:00
DEL473,Ord473,U147,Delivered,2024-06-13 16:19:00
DEL474,Ord474,U119,Delivered,2024-06-14 09:03:00
DEL475,Ord475,U114,Delivered,2024-06-14 10:41:00
DEL476,Ord476,U154,Delivered,2024-06-14 15:26:00
DEL477,Ord477,U152,Delivered,2024-06-14 16:13:00
DEL478,Ord478,U109,NULL,NULL
DEL479,Ord479,U196,Delivered,2024-06-15 11:30:00
DEL480,Ord480,U201,Delivered,2024-06-15 14:03:00
DEL481,Ord481,U116,NULL,NULL
DEL482,Ord482,U121,Delivered,2024-06-16 09:00:00
DEL483,Ord483,U158,Delivered,2024-06-19 16:33:00
DEL484,Ord484,U197,Delivered,2024-06-20 15:53:00
DEL485,Ord485,U128,Delivered,2024-06-21 12:21:00
DEL486,Ord486,U160,Delivered,2024-06-21 14:19:00
DEL487,Ord487,U187,Delivered,2024-06-21 16:00:00
DEL488,Ord488,U194,Delivered,2024-06-21 18:28:00
DEL489,Ord489,U169,Delivered,2024-06-23 14:03:00
DEL490,Ord490,U177,Delivered,2024-06-23 14:10:00
DEL491,Ord491,U185,Delivered,2024-06-24 13:12:00
DEL492,Ord492,U198,Delivered,2024-06-24 13:29:00
DEL493,Ord493,U155,Delivered,2024-06-24 13:34:00
DEL494,Ord494,U201,Delivered,2024-06-24 17:50:00
DEL495,Ord495,U196,Delivered,2024-06-24 18:46:00
DEL496,Ord496,U133,Delivered,2024-06-25 15:00:00
DEL497,Ord497,U132,Delivered,2024-06-25 18:49:00
DEL498,Ord498,U148,Delivered,2024-06-26 09:15:00
DEL499,Ord499,U191,Delivered,2024-06-26 14:09:00
DEL500,Ord500,U141,Delivered,2024-06-26 16:59:00
DEL501,Ord501,U107,Delivered,2024-06-27 09:21:00
DEL502,Ord502,U112,Delivered,2024-06-27 09:57:00
DEL503,Ord503,U138,Delivered,2024-06-28 09:43:00
DEL504,Ord504,U148,Delivered,2024-06-28 09:53:00
DEL505,Ord505,U102,Delivered,2024-06-28 13:57:00
DEL506,Ord506,U131,NULL,NULL
DEL507,Ord507,U125,Delivered,2024-06-29 15:21:00
DEL508,Ord508,U178,Delivered,2024-06-29 17:07:00
DEL509,Ord509,U186,Delivered,2024-06-30 12:33:00
DEL510,Ord510,U178,Delivered,2024-06-30 18:36:00
DEL511,Ord511,U116,Delivered,2024-07-01 12:05:00
DEL512,Ord512,U175,NULL,NULL
DEL513,Ord513,U153,Delivered,2024-07-01 14:27:00
DEL514,Ord514,U156,Delivered,2024-07-02 09:48:00
DEL515,Ord515,U143,Delivered,2024-07-02 13:34:00
DEL516,Ord516,U132,Delivered,2024-07-02 15:04:00
DEL517,Ord517,U146,Delivered,2024-07-02 17:03:00
DEL518,Ord518,U132,Delivered,2024-07-03 12:02:00
DEL519,Ord519,U190,Delivered,2024-07-03 15:52:00
DEL520,Ord520,U168,Delivered,2024-07-04 11:11:00
DEL521,Ord521,U105,Delivered,2024-07-04 13:17:00
DEL522,Ord522,U196,Delivered,2024-07-04 17:56:00
DEL523,Ord523,U117,Delivered,2024-07-05 12:09:00
DEL524,Ord524,U121,NULL,NULL
DEL525,Ord525,U154,Delivered,2024-07-05 14:32:00
DEL526,Ord526,U165,Delivered,2024-07-05 18:25:00
DEL527,Ord527,U171,NULL,NULL
DEL528,Ord528,U175,Delivered,2024-07-06 14:58:00
DEL529,Ord529,U192,Delivered,2024-07-07 10:12:00
DEL530,Ord530,U201,Delivered,2024-07-07 13:20:00
DEL531,Ord531,U133,Delivered,2024-07-07 18:30:00
DEL532,Ord532,U166,Delivered,2024-07-08 12:53:00
DEL533,Ord533,U144,Delivered,2024-07-08 15:36:00
DEL534,Ord534,U135,Delivered,2024-07-08 17:03:00
DEL535,Ord535,U131,NULL,NULL
DEL536,Ord536,U195,Delivered,2024-07-10 10:13:00
DEL537,Ord537,U175,Delivered,2024-07-10 16:03:00
DEL538,Ord538,U152,Delivered,2024-07-10 16:04:00
DEL539,Ord539,U122,Delivered,2024-07-10 16:52:00
DEL540,Ord540,U110,Delivered,2024-07-10 17:42:00
DEL541,Ord541,U143,Delivered,2024-07-10 17:44:00
DEL542,Ord542,U113,Delivered,2024-07-11 15:47:00
DEL543,Ord543,U199,Delivered,2024-07-12 09:05:00
DEL544,Ord544,U118,Delivered,2024-07-12 16:16:00
DEL545,Ord545,U126,Delivered,2024-07-13 10:55:00
DEL546,Ord546,U188,Delivered,2024-07-13 13:18:00
DEL547,Ord547,U192,Delivered,2024-07-13 18:53:00
DEL548,Ord548,U184,Delivered,2024-07-14 11:26:00
DEL549,Ord549,U137,Delivered,2024-07-14 14:08:00
DEL550,Ord550,U198,Delivered,2024-07-14 17:42:00
DEL551,Ord551,U135,Delivered,2024-07-15 09:06:00
DEL552,Ord552,U169,Delivered,2024-07-15 12:15:00
DEL553,Ord553,U186,Delivered,2024-07-15 15:30:00
DEL554,Ord554,U105,Delivered,2024-07-16 11:38:00
DEL555,Ord555,U157,Delivered,2024-07-16 11:48:00
DEL556,Ord556,U145,Delivered,2024-07-16 14:00:00
DEL557,Ord557,U127,Delivered,2024-07-17 10:18:00
DEL558,Ord558,U134,Delivered,2024-07-17 12:12:00
DEL559,Ord559,U137,Delivered,2024-07-17 13:32:00
DEL560,Ord560,U117,Delivered,2024-07-18 10:58:00
DEL561,Ord561,U182,Delivered,2024-07-18 11:02:00
DEL562,Ord562,U121,Delivered,2024-07-18 13:12:00
DEL563,Ord563,U126,Delivered,2024-07-19 14:44:00
DEL564,Ord564,U200,Delivered,2024-07-19 17:10:00
DEL565,Ord565,U157,Delivered,2024-07-20 14:48:00
DEL566,Ord566,U124,NULL,NULL
DEL567,Ord567,U190,Delivered,2024-07-21 13:48:00
DEL568,Ord568,U116,Delivered,2024-07-22 09:15:00
DEL569,Ord569,U189,Delivered,2024-07-22 10:44:00
DEL570,Ord570,U106,Delivered,2024-07-22 18:00:00
DEL571,Ord571,U162,Delivered,2024-07-23 09:22:00
DEL572,Ord572,U171,Delivered,2024-07-23 10:55:00
DEL573,Ord573,U154,Delivered,2024-07-23 14:14:00
DEL574,Ord574,U183,Delivered,2024-07-23 18:24:00
DEL575,Ord575,U137,Delivered,2024-07-24 10:17:00
DEL576,Ord576,U189,Delivered,2024-07-25 11:10:00
DEL577,Ord577,U159,Delivered,2024-07-25 12:19:00
DEL578,Ord578,U108,Delivered,2024-07-25 14:21:00
DEL579,Ord579,U160,Delivered,2024-07-26 13:40:00
DEL580,Ord580,U113,Delivered,2024-07-26 17:03:00
DEL581,Ord581,U142,Delivered,2024-07-27 09:18:00
DEL582,Ord582,U176,Delivered,2024-07-27 14:56:00
DEL583,Ord583,U165,Delivered,2024-07-27 15:36:00
DEL584,Ord584,U108,Delivered,2024-07-27 18:42:00
DEL585,Ord585,U158,Delivered,2024-07-28 09:27:00
DEL586,Ord586,U113,Delivered,2024-07-28 18:03:00
DEL587,Ord587,U117,NULL,NULL
DEL588,Ord588,U136,Delivered,2024-07-29 15:31:00
DEL589,Ord589,U188,Delivered,2024-07-29 15:52:00
DEL590,Ord590,U105,Delivered,2024-07-29 17:27:00
DEL591,Ord591,U128,Delivered,2024-07-30 14:58:00
DEL592,Ord592,U142,Delivered,2024-07-30 17:54:00
DEL593,Ord593,U178,Delivered,2024-07-31 10:25:00
DEL594,Ord594,U168,Delivered,2024-07-31 14:40:00
DEL595,Ord595,U111,Delivered,2024-07-31 14:49:00
DEL596,Ord596,U173,Delivered,2024-08-01 12:29:00
DEL597,Ord597,U122,Delivered,2024-08-01 14:21:00
DEL598,Ord598,U146,Delivered,2024-08-01 14:32:00
DEL599,Ord599,U176,Delivered,2024-08-01 16:41:00
DEL600,Ord600,U140,Delivered,2024-08-01 18:14:00
DEL601,Ord601,U191,Delivered,2024-08-02 09:35:00
DEL602,Ord602,U185,Delivered,2024-08-02 09:37:00
DEL603,Ord603,U188,Delivered,2024-08-02 10:30:00
DEL604,Ord604,U132,Delivered,2024-08-02 15:31:00
DEL605,Ord605,U138,Delivered,2024-08-03 09:54:00
DEL606,Ord606,U171,Delivered,2024-08-03 10:14:00
DEL607,Ord607,U141,Delivered,2024-08-03 12:54:00
DEL608,Ord608,U182,Delivered,2024-08-03 14:57:00
DEL609,Ord609,U129,Delivered,2024-08-03 15:13:00
DEL610,Ord610,U185,Delivered,2024-08-04 13:22:00
DEL611,Ord611,U190,NULL,NULL
DEL612,Ord612,U140,Delivered,2024-08-04 18:04:00
DEL613,Ord613,U148,Delivered,2024-08-05 17:14:00
DEL614,Ord614,U104,Delivered,2024-08-07 11:06:00
DEL615,Ord615,U108,Delivered,2024-08-07 14:11:00
DEL616,Ord616,U180,Delivered,2024-08-07 16:31:00
DEL617,Ord617,U198,Delivered,2024-08-08 09:28:00
DEL618,Ord618,U128,Delivered,2024-08-08 12:08:00
DEL619,Ord619,U162,Delivered,2024-08-08 14:00:00
DEL620,Ord620,U170,Delivered,2024-08-08 18:49:00
DEL621,Ord621,U175,Delivered,2024-08-09 13:25:00
DEL622,Ord622,U158,Delivered,2024-08-09 13:39:00
DEL623,Ord623,U188,Delivered,2024-08-09 13:39:00
DEL624,Ord624,U169,Delivered,2024-08-09 17:37:00
DEL625,Ord625,U134,Delivered,2024-08-09 17:51:00
DEL626,Ord626,U105,Delivered,2024-08-10 09:40:00
DEL627,Ord627,U176,Delivered,2024-08-10 10:16:00
DEL628,Ord628,U134,Delivered,2024-08-10 10:46:00
DEL629,Ord629,U187,Delivered,2024-08-10 15:58:00
DEL630,Ord630,U166,Delivered,2024-08-10 16:31:00
DEL631,Ord631,U128,Delivered,2024-08-11 15:12:00
DEL632,Ord632,U190,Delivered,2024-08-11 15:14:00
DEL633,Ord633,U162,Delivered,2024-08-11 18:15:00
DEL634,Ord634,U180,Delivered,2024-08-12 11:20:00
DEL635,Ord635,U115,Delivered,2024-08-12 12:24:00
DEL636,Ord636,U102,Delivered,2024-08-12 12:42:00
DEL637,Ord637,U131,Delivered,2024-08-12 13:22:00
DEL638,Ord638,U112,Delivered,2024-08-12 14:46:00
DEL639,Ord639,U159,Delivered,2024-08-13 15:42:00
DEL640,Ord640,U169,NULL,NULL
DEL641,Ord641,U168,Delivered,2024-08-14 17:50:00
DEL642,Ord642,U133,Delivered,2024-08-15 11:05:00
DEL643,Ord643,U143,Delivered,2024-08-15 12:36:00
DEL644,Ord644,U152,Delivered,2024-08-16 14:27:00
DEL645,Ord645,U138,Delivered,2024-08-17 10:11:00
DEL646,Ord646,U141,Delivered,2024-08-17 10:48:00
DEL647,Ord647,U188,Delivered,2024-08-17 12:28:00
DEL648,Ord648,U119,Delivered,2024-08-18 09:01:00
DEL649,Ord649,U180,Delivered,2024-08-18 14:17:00
DEL650,Ord650,U192,Delivered,2024-08-18 14:57:00
DEL651,Ord651,U122,Delivered,2024-08-18 15:13:00
DEL652,Ord652,U172,Delivered,2024-08-19 09:48:00
DEL653,Ord653,U123,Delivered,2024-08-19 13:14:00
DEL654,Ord654,U191,Delivered,2024-08-19 18:53:00
DEL655,Ord655,U110,Delivered,2024-08-20 14:19:00
DEL656,Ord656,U201,Delivered,2024-08-20 16:24:00
DEL657,Ord657,U116,Delivered,2024-08-20 17:00:00
DEL658,Ord658,U167,Delivered,2024-08-20 17:13:00
DEL659,Ord659,U134,Delivered,2024-08-21 15:43:00
DEL660,Ord660,U147,Delivered,2024-08-21 18:41:00
DEL661,Ord661,U123,Delivered,2024-08-22 09:24:00
DEL662,Ord662,U194,Delivered,2024-08-22 12:36:00
DEL663,Ord663,U124,NULL,NULL
DEL664,Ord664,U189,Delivered,2024-08-22 17:39:00
DEL665,Ord665,U122,Delivered,2024-08-23 09:11:00
DEL666,Ord666,U146,Delivered,2024-08-23 15:39:00
DEL667,Ord667,U180,Delivered,2024-08-24 12:45:00
DEL668,Ord668,U140,NULL,NULL
DEL669,Ord669,U199,NULL,NULL
DEL670,Ord670,U153,Delivered,2024-08-24 18:43:00
DEL671,Ord671,U138,Delivered,2024-08-25 15:41:00
DEL672,Ord672,U197,Delivered,2024-08-26 12:54:00
DEL673,Ord673,U135,Delivered,2024-08-26 17:11:00
DEL674,Ord674,U160,Delivered,2024-08-27 14:03:00
DEL675,Ord675,U189,Delivered,2024-08-27 17:17:00
DEL676,Ord676,U150,Delivered,2024-08-27 18:01:00
DEL677,Ord677,U115,Delivered,2024-08-28 16:44:00
DEL678,Ord678,U117,Delivered,2024-08-29 10:58:00
DEL679,Ord679,U189,Delivered,2024-08-29 18:41:00
DEL680,Ord680,U180,Delivered,2024-08-29 18:54:00
DEL681,Ord681,U174,Delivered,2024-08-30 13:15:00
DEL682,Ord682,U113,Delivered,2024-08-30 16:36:00
DEL683,Ord683,U143,Delivered,2024-08-30 18:49:00
DEL684,Ord684,U120,Delivered,2024-08-31 09:10:00
DEL685,Ord685,U111,Delivered,2024-08-31 09:55:00
DEL686,Ord686,U106,Delivered,2024-08-31 11:18:00
DEL687,Ord687,U129,Delivered,2024-08-31 11:39:00
DEL688,Ord688,U170,Delivered,2024-08-31 14:11:00
DEL689,Ord689,U201,NULL,NULL
DEL690,Ord690,U170,Delivered,2024-09-01 14:49:00
DEL691,Ord691,U195,Delivered,2024-09-01 18:13:00
DEL692,Ord692,U102,NULL,NULL
DEL693,Ord693,U120,Delivered,2024-09-02 11:09:00
DEL694,Ord694,U168,Delivered,2024-09-02 14:46:00
DEL695,Ord695,U105,Delivered,2024-09-02 15:37:00
DEL696,Ord696,U171,Delivered,2024-09-02 15:57:00
DEL697,Ord697,U116,Delivered,2024-09-03 09:20:00
DEL698,Ord698,U198,Delivered,2024-09-03 17:10:00
DEL699,Ord699,U118,Delivered,2024-09-04 09:13:00
DEL700,Ord700,U198,Delivered,2024-09-04 13:55:00
DEL701,Ord701,U141,Delivered,2024-09-04 14:15:00
DEL702,Ord702,U169,Delivered,2024-09-04 18:52:00
DEL703,Ord703,U116,Delivered,2024-09-05 12:42:00
DEL704,Ord704,U128,Delivered,2024-09-06 17:18:00
DEL705,Ord705,U142,Delivered,2024-09-07 11:35:00
DEL706,Ord706,U177,Delivered,2024-09-07 12:48:00
DEL707,Ord707,U127,Delivered,2024-09-07 16:01:00
DEL708,Ord708,U183,Delivered,2024-09-07 17:39:00
DEL709,Ord709,U114,Delivered,2024-09-07 17:41:00
DEL710,Ord710,U149,Delivered,2024-09-08 10:49:00
DEL711,Ord711,U187,Delivered,2024-09-08 13:13:00
DEL712,Ord712,U129,Delivered,2024-09-08 18:12:00
DEL713,Ord713,U177,Delivered,2024-09-09 11:00:00
DEL714,Ord714,U162,Delivered,2024-09-09 18:30:00
DEL715,Ord715,U200,Delivered,2024-09-10 13:55:00
DEL716,Ord716,U153,Delivered,2024-09-10 16:05:00
DEL717,Ord717,U112,Delivered,2024-09-10 18:54:00
DEL718,Ord718,U104,Delivered,2024-09-11 12:22:00
DEL719,Ord719,U125,Delivered,2024-09-11 16:51:00
DEL720,Ord720,U143,Delivered,2024-09-11 17:52:00
DEL721,Ord721,U131,Delivered,2024-09-11 18:22:00
DEL722,Ord722,U147,Delivered,2024-09-12 09:00:00
DEL723,Ord723,U153,Delivered,2024-09-14 17:34:00
DEL724,Ord724,U137,NULL,NULL
DEL725,Ord725,U110,Delivered,2024-09-15 17:18:00
DEL726,Ord726,U161,Delivered,2024-09-16 10:26:00
DEL727,Ord727,U185,Delivered,2024-09-16 16:51:00
DEL728,Ord728,U134,Delivered,2024-09-17 17:34:00
DEL729,Ord729,U178,Delivered,2024-09-18 09:30:00
DEL730,Ord730,U119,Delivered,2024-09-18 14:34:00
DEL731,Ord731,U198,Delivered,2024-09-18 16:40:00
DEL732,Ord732,U187,Delivered,2024-09-18 16:41:00
DEL733,Ord733,U165,Delivered,2024-09-18 17:00:00
DEL734,Ord734,U133,Delivered,2024-09-19 12:25:00
DEL735,Ord735,U145,Delivered,2024-09-19 12:34:00
DEL736,Ord736,U119,Delivered,2024-09-19 13:41:00
DEL737,Ord737,U138,Delivered,2024-09-19 14:49:00
DEL738,Ord738,U157,Delivered,2024-09-20 11:29:00
DEL739,Ord739,U170,Delivered,2024-09-20 14:11:00
DEL740,Ord740,U122,Delivered,2024-09-20 16:57:00
DEL741,Ord741,U194,Delivered,2024-09-21 13:12:00
DEL742,Ord742,U152,Delivered,2024-09-21 15:03:00
DEL743,Ord743,U107,Delivered,2024-09-21 17:06:00
DEL744,Ord744,U174,Delivered,2024-09-22 14:26:00
DEL745,Ord745,U138,Delivered,2024-09-23 09:58:00
DEL746,Ord746,U159,Delivered,2024-09-23 15:01:00
DEL747,Ord747,U144,Delivered,2024-09-24 12:52:00
DEL748,Ord748,U196,Delivered,2024-09-24 15:59:00
DEL749,Ord749,U198,Delivered,2024-09-24 16:42:00
DEL750,Ord750,U178,Delivered,2024-09-25 13:02:00
DEL751,Ord751,U193,NULL,NULL
DEL752,Ord752,U166,Delivered,2024-09-25 18:16:00
DEL753,Ord753,U122,Delivered,2024-09-25 18:41:00
DEL754,Ord754,U143,Delivered,2024-09-26 09:56:00
DEL755,Ord755,U174,Delivered,2024-09-26 16:51:00
DEL756,Ord756,U105,Delivered,2024-09-28 11:43:00
DEL757,Ord757,U191,Delivered,2024-09-28 12:25:00
DEL758,Ord758,U147,Delivered,2024-09-28 16:41:00
DEL759,Ord759,U129,Delivered,2024-09-30 11:02:00
DEL760,Ord760,U104,Delivered,2024-09-30 16:23:00
DEL761,Ord761,U113,Delivered,2024-09-30 17:09:00
DEL762,Ord762,U159,Delivered,2024-10-01 12:30:00
DEL763,Ord763,U122,Delivered,2024-10-01 15:05:00
DEL764,Ord764,U144,Delivered,2024-10-01 15:35:00
DEL765,Ord765,U123,Delivered,2024-10-01 15:37:00
DEL766,Ord766,U131,Delivered,2024-10-02 11:58:00
DEL767,Ord767,U183,Delivered,2024-10-02 12:06:00
DEL768,Ord768,U155,NULL,NULL
DEL769,Ord769,U128,Delivered,2024-10-03 12:08:00
DEL770,Ord770,U191,Delivered,2024-10-04 12:32:00
DEL771,Ord771,U131,Delivered,2024-10-05 12:30:00
DEL772,Ord772,U196,Delivered,2024-10-05 18:43:00
DEL773,Ord773,U171,Delivered,2024-10-06 11:02:00
DEL774,Ord774,U180,Delivered,2024-10-06 14:34:00
DEL775,Ord775,U134,Delivered,2024-10-07 09:41:00
DEL776,Ord776,U126,Delivered,2024-10-08 17:37:00
DEL777,Ord777,U126,Delivered,2024-10-09 13:37:00
DEL778,Ord778,U150,Delivered,2024-10-09 17:26:00
DEL779,Ord779,U166,Delivered,2024-10-10 09:52:00
DEL780,Ord780,U116,Delivered,2024-10-10 15:17:00
DEL781,Ord781,U176,Delivered,2024-10-11 11:09:00
DEL782,Ord782,U117,Delivered,2024-10-11 13:39:00
DEL783,Ord783,U109,Delivered,2024-10-11 16:20:00
DEL784,Ord784,U134,Delivered,2024-10-11 17:10:00
DEL785,Ord785,U153,Delivered,2024-10-13 09:03:00
DEL786,Ord786,U144,Delivered,2024-10-13 13:42:00
DEL787,Ord787,U188,Delivered,2024-10-13 17:22:00
DEL788,Ord788,U186,Delivered,2024-10-14 12:31:00
DEL789,Ord789,U107,Delivered,2024-10-15 11:19:00
DEL790,Ord790,U132,Delivered,2024-10-15 12:57:00
DEL791,Ord791,U177,Delivered,2024-10-15 17:44:00
DEL792,Ord792,U133,Delivered,2024-10-16 10:46:00
DEL793,Ord793,U123,Delivered,2024-10-16 11:07:00
DEL794,Ord794,U103,NULL,NULL
DEL795,Ord795,U132,Delivered,2024-10-16 17:10:00
DEL796,Ord796,U152,Delivered,2024-10-16 17:55:00
DEL797,Ord797,U140,Delivered,2024-10-17 10:31:00
DEL798,Ord798,U200,Delivered,2024-10-17 15:20:00
DEL799,Ord799,U126,Delivered,2024-10-19 12:56:00
DEL800,Ord800,U134,Delivered,2024-10-19 13:17:00
DEL801,Ord801,U105,Delivered,2024-10-19 18:54:00
DEL802,Ord802,U137,Delivered,2024-10-20 10:17:00
DEL803,Ord803,U168,Delivered,2024-10-20 11:35:00
DEL804,Ord804,U181,Delivered,2024-10-20 12:18:00
DEL805,Ord805,U163,Delivered,2024-10-21 09:05:00
DEL806,Ord806,U198,NULL,NULL
DEL807,Ord807,U120,Delivered,2024-10-22 09:10:00
DEL808,Ord808,U169,Delivered,2024-10-22 16:04:00
DEL809,Ord809,U187,Delivered,2024-10-23 10:29:00
DEL810,Ord810,U169,Delivered,2024-10-23 12:07:00
DEL811,Ord811,U192,Delivered,2024-10-24 10:56:00
DEL812,Ord812,U165,Delivered,2024-10-24 11:04:00
DEL813,Ord813,U177,Delivered,2024-10-24 11:19:00
DEL814,Ord814,U181,Delivered,2024-10-24 11:41:00
DEL815,Ord815,U141,Delivered,2024-10-24 13:07:00
DEL816,Ord816,U119,Delivered,2024-10-24 18:06:00
DEL817,Ord817,U142,Delivered,2024-10-25 09:01:00
DEL818,Ord818,U140,Delivered,2024-10-25 11:57:00
DEL819,Ord819,U173,Delivered,2024-10-25 18:16:00
DEL820,Ord820,U171,Delivered,2024-10-26 11:41:00
DEL821,Ord821,U123,Delivered,2024-10-26 11:51:00
DEL822,Ord822,U201,Delivered,2024-10-26 13:34:00
DEL823,Ord823,U142,Delivered,2024-10-26 15:00:00
DEL824,Ord824,U109,Delivered,2024-10-26 17:48:00
DEL825,Ord825,U185,Delivered,2024-10-27 12:09:00
DEL826,Ord826,U152,Delivered,2024-10-27 13:02:00
DEL827,Ord827,U143,Delivered,2024-10-27 13:52:00
DEL828,Ord828,U179,Delivered,2024-10-28 11:49:00
DEL829,Ord829,U195,Delivered,2024-10-28 14:48:00
DEL830,Ord830,U125,Delivered,2024-10-28 15:32:00
DEL831,Ord831,U131,Delivered,2024-10-28 17:30:00
DEL832,Ord832,U157,Delivered,2024-10-29 12:03:00
DEL833,Ord833,U179,Delivered,2024-10-29 14:53:00
DEL834,Ord834,U159,Delivered,2024-10-29 15:58:00
DEL835,Ord835,U135,Delivered,2024-10-29 18:04:00
DEL836,Ord836,U120,Delivered,2024-10-30 14:26:00
DEL837,Ord837,U184,NULL,NULL
DEL838,Ord838,U192,NULL,NULL
DEL839,Ord839,U193,Delivered,2024-11-01 12:07:00
DEL840,Ord840,U113,Delivered,2024-11-01 12:35:00
DEL841,Ord841,U118,Delivered,2024-11-01 12:43:00
DEL842,Ord842,U133,Delivered,2024-11-01 14:00:00
DEL843,Ord843,U139,Delivered,2024-11-01 14:49:00
DEL844,Ord844,U189,Delivered,2024-11-01 18:01:00
DEL845,Ord845,U173,Delivered,2024-11-02 09:24:00
DEL846,Ord846,U176,Delivered,2024-11-02 09:39:00
DEL847,Ord847,U174,Delivered,2024-11-03 18:43:00
DEL848,Ord848,U121,Delivered,2024-11-04 11:02:00
DEL849,Ord849,U159,Delivered,2024-11-04 18:00:00
DEL850,Ord850,U102,Delivered,2024-11-04 18:45:00
DEL851,Ord851,U124,Delivered,2024-11-05 11:05:00
DEL852,Ord852,U171,Delivered,2024-11-05 16:04:00
DEL853,Ord853,U145,Delivered,2024-11-05 17:55:00
DEL854,Ord854,U190,Delivered,2024-11-06 09:31:00
DEL855,Ord855,U102,Delivered,2024-11-06 17:30:00
DEL856,Ord856,U132,Delivered,2024-11-06 17:33:00
DEL857,Ord857,U166,Delivered,2024-11-07 09:48:00
DEL858,Ord858,U136,Delivered,2024-11-07 09:56:00
DEL859,Ord859,U166,Delivered,2024-11-07 15:04:00
DEL860,Ord860,U142,Delivered,2024-11-07 17:32:00
DEL861,Ord861,U201,Delivered,2024-11-07 17:48:00
DEL862,Ord862,U137,Delivered,2024-11-08 14:41:00
DEL863,Ord863,U184,Delivered,2024-11-08 15:48:00
DEL864,Ord864,U148,Delivered,2024-11-08 18:03:00
DEL865,Ord865,U138,Delivered,2024-11-09 12:13:00
DEL866,Ord866,U112,Delivered,2024-11-09 13:14:00
DEL867,Ord867,U190,Delivered,2024-11-09 18:43:00
DEL868,Ord868,U115,Delivered,2024-11-10 09:18:00
DEL869,Ord869,U191,Delivered,2024-11-10 09:20:00
DEL870,Ord870,U148,Delivered,2024-11-10 09:57:00
DEL871,Ord871,U173,Delivered,2024-11-10 10:01:00
DEL872,Ord872,U124,Delivered,2024-11-10 14:55:00
DEL873,Ord873,U105,Delivered,2024-11-11 14:26:00
DEL874,Ord874,U166,Delivered,2024-11-11 15:15:00
DEL875,Ord875,U118,Delivered,2024-11-12 12:02:00
DEL876,Ord876,U150,Delivered,2024-11-12 12:47:00
DEL877,Ord877,U125,Delivered,2024-11-13 09:10:00
DEL878,Ord878,U105,Delivered,2024-11-13 12:58:00
DEL879,Ord879,U189,Delivered,2024-11-13 15:51:00
DEL880,Ord880,U192,Delivered,2024-11-14 10:32:00
DEL881,Ord881,U161,Delivered,2024-11-14 13:34:00
DEL882,Ord882,U107,Delivered,2024-11-15 11:20:00
DEL883,Ord883,U173,Delivered,2024-11-15 14:13:00
DEL884,Ord884,U174,Delivered,2024-11-15 15:03:00
DEL885,Ord885,U131,Delivered,2024-11-15 18:41:00
DEL886,Ord886,U195,Delivered,2024-11-16 15:37:00
DEL887,Ord887,U182,NULL,NULL
DEL888,Ord888,U175,Delivered,2024-11-17 15:50:00
DEL889,Ord889,U110,Delivered,2024-11-18 11:27:00
DEL890,Ord890,U189,Delivered,2024-11-18 13:30:00
DEL891,Ord891,U130,NULL,NULL
DEL892,Ord892,U200,Delivered,2024-11-19 10:22:00
DEL893,Ord893,U160,NULL,NULL
DEL894,Ord894,U149,Delivered,2024-11-19 15:50:00
DEL895,Ord895,U180,Delivered,2024-11-19 17:29:00
DEL896,Ord896,U125,Delivered,2024-11-19 18:38:00
DEL897,Ord897,U137,Delivered,2024-11-20 10:20:00
DEL898,Ord898,U184,Delivered,2024-11-20 10:26:00
DEL899,Ord899,U195,Delivered,2024-11-20 17:51:00
DEL900,Ord900,U121,Delivered,2024-11-21 12:52:00
DEL901,Ord901,U161,Delivered,2024-11-21 17:23:00
DEL902,Ord902,U184,Delivered,2024-11-21 18:02:00
DEL903,Ord903,U143,Delivered,2024-11-22 16:25:00
DEL904,Ord904,U175,Delivered,2024-11-22 17:37:00
DEL905,Ord905,U187,Delivered,2024-11-23 12:04:00
DEL906,Ord906,U123,Delivered,2024-11-23 12:13:00
DEL907,Ord907,U190,Delivered,2024-11-23 16:19:00
DEL908,Ord908,U128,Delivered,2024-11-24 09:09:00
DEL909,Ord909,U139,Delivered,2024-11-24 18:56:00
DEL910,Ord910,U116,Delivered,2024-11-25 14:19:00
DEL911,Ord911,U116,Delivered,2024-11-25 14:54:00
DEL912,Ord912,U115,Delivered,2024-11-25 16:56:00
DEL913,Ord913,U183,Delivered,2024-11-26 14:21:00
DEL914,Ord914,U161,Delivered,2024-11-26 16:15:00
DEL915,Ord915,U181,Delivered,2024-11-26 16:47:00
DEL916,Ord916,U200,Delivered,2024-11-26 18:04:00
DEL917,Ord917,U151,Delivered,2024-11-27 12:25:00
DEL918,Ord918,U178,Delivered,2024-11-27 16:37:00
DEL919,Ord919,U120,Delivered,2024-11-28 10:54:00
DEL920,Ord920,U196,NULL,NULL
DEL921,Ord921,U109,Delivered,2024-11-28 17:12:00
DEL922,Ord922,U144,Delivered,2024-11-28 17:22:00
DEL923,Ord923,U140,Delivered,2024-11-28 17:40:00
DEL924,Ord924,U129,Delivered,2024-11-29 12:03:00
DEL925,Ord925,U200,Delivered,2024-11-29 14:04:00
DEL926,Ord926,U172,Delivered,2024-11-29 17:26:00
DEL927,Ord927,U193,Delivered,2024-11-30 14:14:00
DEL928,Ord928,U129,Delivered,2024-12-01 09:53:00
DEL929,Ord929,U138,Delivered,2024-12-01 11:42:00
DEL930,Ord930,U118,Delivered,2024-12-02 11:00:00
DEL931,Ord931,U177,Delivered,2024-12-02 12:25:00
DEL932,Ord932,U169,Delivered,2024-12-02 15:14:00
DEL933,Ord933,U127,Delivered,2024-12-03 10:48:00
DEL934,Ord934,U163,Delivered,2024-12-04 10:32:00
DEL935,Ord935,U169,Delivered,2024-12-04 11:11:00
DEL936,Ord936,U136,Delivered,2024-12-04 18:52:00
DEL937,Ord937,U143,Delivered,2024-12-05 17:16:00
DEL938,Ord938,U169,Delivered,2024-12-06 12:16:00
DEL939,Ord939,U125,Delivered,2024-12-06 14:00:00
DEL940,Ord940,U158,Delivered,2024-12-06 15:32:00
DEL941,Ord941,U112,NULL,NULL
DEL942,Ord942,U142,Pending,NULL
DEL943,Ord943,U143,Delivered,2024-12-08 10:57:00
DEL944,Ord944,U149,Pending,NULL
DEL945,Ord945,U191,Delivered,2024-12-10 10:55:00
DEL946,Ord946,U200,Pending,NULL
DEL947,Ord947,U133,NULL,NULL
DEL948,Ord948,U161,Pending,NULL
DEL949,Ord949,U179,Pending,NULL
DEL950,Ord950,U153,NULL,NULL
DEL951,Ord951,U194,Pending,NULL
DEL952,Ord952,U167,Delivered,2024-12-12 17:57:00
DEL953,Ord953,U200,Pending,NULL
DEL954,Ord954,U186,Pending,NULL
DEL955,Ord955,U143,Pending,NULL
DEL956,Ord956,U147,NULL,NULL
DEL957,Ord957,U140,Pending,NULL
DEL958,Ord958,U200,Pending,NULL
DEL959,Ord959,U193,Pending,NULL
DEL960,Ord960,U176,Pending,NULL
DEL961,Ord961,U164,Delivered,2024-12-16 12:37:00
DEL962,Ord962,U176,NULL,NULL
DEL963,Ord963,U169,Pending,NULL
DEL964,Ord964,U195,Pending,NULL
DEL965,Ord965,U137,Delivered,2024-12-16 17:45:00
DEL966,Ord966,U142,Pending,NULL
DEL967,Ord967,U131,Pending,NULL
DEL968,Ord968,U180,Pending,NULL
DEL969,Ord969,U161,Pending,NULL
DEL970,Ord970,U185,NULL,NULL
DEL971,Ord971,U152,Pending,NULL
DEL972,Ord972,U152,Pending,NULL
DEL973,Ord973,U134,Pending,NULL
DEL974,Ord974,U141,Pending,NULL
DEL975,Ord975,U194,NULL,NULL
DEL976,Ord976,U106,Pending,NULL
DEL977,Ord977,U186,Pending,NULL
DEL978,Ord978,U147,Pending,NULL
DEL979,Ord979,U148,Pending,NULL
DEL980,Ord980,U153,Delivered,2024-12-23 17:03:00
DEL981,Ord981,U104,Delivered,2024-12-24 14:39:00
DEL982,Ord982,U134,Delivered,2024-12-25 12:16:00
DEL983,Ord983,U125,Pending,NULL
DEL984,Ord984,U131,Delivered,2024-12-27 11:10:00
DEL985,Ord985,U152,Pending,NULL
DEL986,Ord986,U111,Pending,NULL
DEL987,Ord987,U142,Delivered,2024-12-28 12:20:00
DEL988,Ord988,U195,Pending,NULL
DEL989,Ord989,U189,Delivered,2024-12-31 09:04:00
DEL990,Ord990,U134,NULL,NULL
DEL991,Ord991,U185,NULL,NULL
DEL992,Ord992,U121,Pending,NULL
DEL993,Ord993,U114,Pending,NULL
DEL994,Ord994,U169,Pending,NULL
DEL995,Ord995,U178,Delivered,2025-01-01 14:35:00
DEL996,Ord996,U144,Pending,NULL
DEL997,Ord997,U181,NULL,NULL
DEL998,Ord998,U154,Pending,NULL
DEL999,Ord999,U167,Pending,NULL
DEL1000,Ord1000,U199,Pending,NULL
