order_detail_id,order_id,medication_id,quantity,unit_price,total_price
Ord1_1,Ord1,M49,5,1253.64,6268.200000000001
Ord1_2,Ord1,M24,3,2326.01,6978.030000000001
Ord2_1,Ord2,M295,2,338.29,676.58
Ord2_2,Ord2,M102,3,304.98,914.94
Ord2_3,Ord2,M87,2,536.57,1073.14
Ord3_1,Ord3,M130,2,359.55,719.1
Ord3_2,Ord3,M251,4,1120.88,4483.52
Ord4_1,Ord4,M194,1,4303.37,4303.37
Ord5_1,Ord5,M125,5,4695.44,23477.199999999997
Ord5_2,Ord5,M128,2,4426.24,8852.48
Ord6_1,Ord6,M266,2,3411.67,6823.34
Ord7_1,Ord7,M251,4,1120.88,4483.52
Ord7_2,Ord7,M140,4,525.01,2100.04
Ord8_1,Ord8,M120,2,1480.45,2960.9
Ord8_2,Ord8,M212,4,2729.63,10918.52
Ord8_3,Ord8,M253,2,4744.09,9488.18
Ord9_1,Ord9,M133,5,1824.94,9124.7
Ord10_1,Ord10,M31,2,1741.88,3483.76
Ord10_2,Ord10,M68,3,3150.53,9451.59
Ord10_3,Ord10,M180,2,726.33,1452.66
Ord11_1,Ord11,M234,2,2078.13,4156.26
Ord11_2,Ord11,M72,4,3290.08,13160.32
Ord12_1,Ord12,M282,2,1043.14,2086.28
Ord12_2,Ord12,M285,4,3301.29,13205.16
Ord12_3,Ord12,M252,1,3464.19,3464.19
Ord13_1,Ord13,M156,5,744.26,3721.3
Ord14_1,Ord14,M13,4,4797.87,19191.48
Ord14_2,Ord14,M163,5,2211.19,11055.95
Ord15_1,Ord15,M27,5,3612.55,18062.75
Ord15_2,Ord15,M189,5,2473.02,12365.1
Ord16_1,Ord16,M293,4,4190.44,16761.76
Ord16_2,Ord16,M239,5,3901.72,19508.6
Ord16_3,Ord16,M287,5,1675.19,8375.95
Ord17_1,Ord17,M96,2,3009.06,6018.12
Ord18_1,Ord18,M14,2,4192.78,8385.56
Ord19_1,Ord19,M152,2,544.29,1088.58
Ord20_1,Ord20,M12,1,4395.63,4395.63
Ord21_1,Ord21,M162,5,3367.88,16839.4
Ord21_2,Ord21,M16,4,4743.6,18974.4
Ord22_1,Ord22,M204,5,3697.73,18488.65
Ord22_2,Ord22,M60,5,3206.48,16032.4
Ord22_3,Ord22,M270,4,4415.94,17663.76
Ord23_1,Ord23,M214,1,4546.13,4546.13
Ord23_2,Ord23,M10,4,298.47,1193.88
Ord24_1,Ord24,M75,3,4499.56,13498.68
Ord25_1,Ord25,M239,2,3901.72,7803.44
Ord25_2,Ord25,M238,1,3030.4,3030.4
Ord25_3,Ord25,M308,3,3138.95,9416.849999999999
Ord26_1,Ord26,M219,3,1737.63,5212.89
Ord27_1,Ord27,M241,4,4693.88,18775.52
Ord28_1,Ord28,M220,2,3512.3,7024.6
Ord29_1,Ord29,M14,1,4192.78,4192.78
Ord29_2,Ord29,M158,2,4677.62,9355.24
Ord29_3,Ord29,M301,1,2000.08,2000.08
Ord30_1,Ord30,M177,2,2680.54,5361.08
Ord31_1,Ord31,M293,4,4190.44,16761.76
Ord31_2,Ord31,M195,3,1215.67,3647.01
Ord31_3,Ord31,M120,1,1480.45,1480.45
Ord32_1,Ord32,M74,5,4102.21,20511.05
Ord32_2,Ord32,M284,1,2049.43,2049.43
Ord33_1,Ord33,M246,5,1934.19,9670.95
Ord34_1,Ord34,M50,1,3884.09,3884.09
Ord34_2,Ord34,M194,5,4303.37,21516.85
Ord34_3,Ord34,M102,4,304.98,1219.92
Ord35_1,Ord35,M214,2,4546.13,9092.26
Ord36_1,Ord36,M232,4,1496.7,5986.8
Ord36_2,Ord36,M300,2,3881.59,7763.18
Ord36_3,Ord36,M26,2,4688.73,9377.46
Ord37_1,Ord37,M119,5,4352.95,21764.75
Ord37_2,Ord37,M188,1,995.47,995.47
Ord38_1,Ord38,M252,4,3464.19,13856.76
Ord38_2,Ord38,M131,4,745.16,2980.64
Ord38_3,Ord38,M278,4,4639.92,18559.68
Ord39_1,Ord39,M301,2,2000.08,4000.16
Ord39_2,Ord39,M70,1,314.94,314.94
Ord39_3,Ord39,M150,1,1061.83,1061.83
Ord40_1,Ord40,M211,1,670.42,670.42
Ord41_1,Ord41,M104,4,1571.91,6287.64
Ord42_1,Ord42,M159,1,3482.84,3482.84
Ord42_2,Ord42,M16,1,4743.6,4743.6
Ord43_1,Ord43,M63,4,591.29,2365.16
Ord43_2,Ord43,M255,1,1348.37,1348.37
Ord44_1,Ord44,M105,5,4951.32,24756.6
Ord44_2,Ord44,M202,5,1459.29,7296.45
Ord44_3,Ord44,M208,4,1460.67,5842.68
Ord45_1,Ord45,M116,3,2291.81,6875.43
Ord46_1,Ord46,M300,4,3881.59,15526.36
Ord47_1,Ord47,M211,3,670.42,2011.2599999999998
Ord48_1,Ord48,M291,3,2673.42,8020.26
Ord48_2,Ord48,M223,5,2784.17,13920.85
Ord49_1,Ord49,M18,5,1401.22,7006.1
Ord49_2,Ord49,M273,1,2763.42,2763.42
Ord50_1,Ord50,M290,2,2730.19,5460.38
Ord50_2,Ord50,M46,5,2631.74,13158.699999999999
Ord50_3,Ord50,M112,4,3991.81,15967.24
Ord51_1,Ord51,M255,5,1348.37,6741.849999999999
Ord52_1,Ord52,M174,1,3563.12,3563.12
Ord53_1,Ord53,M247,4,1185.03,4740.12
Ord53_2,Ord53,M111,1,4942.6,4942.6
Ord54_1,Ord54,M77,2,588.62,1177.24
Ord55_1,Ord55,M106,5,3615.69,18078.45
Ord56_1,Ord56,M309,3,543.05,1629.1499999999999
Ord57_1,Ord57,M57,1,1787.49,1787.49
Ord57_2,Ord57,M100,2,2802.78,5605.56
Ord58_1,Ord58,M9,2,2315.05,4630.1
Ord58_2,Ord58,M112,4,3991.81,15967.24
Ord59_1,Ord59,M249,2,3117.42,6234.84
Ord59_2,Ord59,M274,2,2729.3,5458.6
Ord59_3,Ord59,M255,5,1348.37,6741.849999999999
Ord60_1,Ord60,M222,5,3014.79,15073.95
Ord60_2,Ord60,M305,3,1665.73,4997.1900000000005
Ord61_1,Ord61,M83,1,341.64,341.64
Ord62_1,Ord62,M151,5,4839.28,24196.399999999998
Ord62_2,Ord62,M81,3,1262.51,3787.5299999999997
Ord63_1,Ord63,M257,1,630.06,630.06
Ord63_2,Ord63,M243,1,1067.92,1067.92
Ord64_1,Ord64,M146,5,663.66,3318.2999999999997
Ord64_2,Ord64,M151,3,4839.28,14517.84
Ord64_3,Ord64,M306,1,4565.85,4565.85
Ord65_1,Ord65,M257,1,630.06,630.06
Ord66_1,Ord66,M169,2,2277.4,4554.8
Ord66_2,Ord66,M70,4,314.94,1259.76
Ord66_3,Ord66,M258,4,3493.2,13972.8
Ord67_1,Ord67,M189,3,2473.02,7419.0599999999995
Ord67_2,Ord67,M246,4,1934.19,7736.76
Ord68_1,Ord68,M155,3,4330.76,12992.28
Ord68_2,Ord68,M115,3,3668.89,11006.67
Ord68_3,Ord68,M163,4,2211.19,8844.76
Ord69_1,Ord69,M299,3,2544.74,7634.219999999999
Ord69_2,Ord69,M79,1,3376.15,3376.15
Ord69_3,Ord69,M179,5,898.6,4493.0
Ord70_1,Ord70,M29,3,3309.38,9928.14
Ord70_2,Ord70,M238,4,3030.4,12121.6
Ord70_3,Ord70,M185,3,3263.12,9789.36
Ord71_1,Ord71,M190,5,3210.5,16052.5
Ord72_1,Ord72,M245,4,3164.09,12656.36
Ord72_2,Ord72,M202,5,1459.29,7296.45
Ord73_1,Ord73,M288,3,4858.21,14574.630000000001
Ord74_1,Ord74,M42,2,3755.48,7510.96
Ord75_1,Ord75,M260,2,1856.75,3713.5
Ord76_1,Ord76,M35,4,930.63,3722.52
Ord76_2,Ord76,M18,4,1401.22,5604.88
Ord76_3,Ord76,M297,5,3121.39,15606.949999999999
Ord77_1,Ord77,M257,5,630.06,3150.2999999999997
Ord77_2,Ord77,M92,1,666.31,666.31
Ord78_1,Ord78,M161,5,4513.88,22569.4
Ord79_1,Ord79,M274,4,2729.3,10917.2
Ord80_1,Ord80,M107,4,4436.46,17745.84
Ord80_2,Ord80,M135,1,1178.42,1178.42
Ord81_1,Ord81,M178,3,3542.8,10628.400000000001
Ord81_2,Ord81,M174,3,3563.12,10689.36
Ord82_1,Ord82,M30,3,2224.12,6672.36
Ord83_1,Ord83,M190,1,3210.5,3210.5
Ord83_2,Ord83,M306,3,4565.85,13697.550000000001
Ord83_3,Ord83,M38,2,4877.66,9755.32
Ord84_1,Ord84,M106,3,3615.69,10847.07
Ord84_2,Ord84,M60,3,3206.48,9619.44
Ord84_3,Ord84,M168,4,4769.21,19076.84
Ord85_1,Ord85,M295,3,338.29,1014.8700000000001
Ord86_1,Ord86,M225,2,2155.92,4311.84
Ord86_2,Ord86,M163,4,2211.19,8844.76
Ord86_3,Ord86,M51,4,4562.7,18250.8
Ord87_1,Ord87,M171,3,1690.73,5072.1900000000005
Ord87_2,Ord87,M109,2,531.7,1063.4
Ord87_3,Ord87,M161,4,4513.88,18055.52
Ord88_1,Ord88,M44,3,3116.32,9348.960000000001
Ord89_1,Ord89,M197,5,3404.58,17022.9
Ord90_1,Ord90,M285,2,3301.29,6602.58
Ord91_1,Ord91,M291,5,2673.42,13367.1
Ord91_2,Ord91,M252,2,3464.19,6928.38
Ord92_1,Ord92,M169,2,2277.4,4554.8
Ord92_2,Ord92,M22,4,1849.9,7399.6
Ord93_1,Ord93,M167,5,2694.36,13471.800000000001
Ord93_2,Ord93,M111,2,4942.6,9885.2
Ord94_1,Ord94,M161,1,4513.88,4513.88
Ord94_2,Ord94,M118,5,2273.36,11366.800000000001
Ord94_3,Ord94,M50,5,3884.09,19420.45
Ord95_1,Ord95,M101,5,368.56,1842.8
Ord95_2,Ord95,M87,1,536.57,536.57
Ord95_3,Ord95,M69,5,3787.92,18939.6
Ord96_1,Ord96,M1,5,2540.83,12704.15
Ord96_2,Ord96,M126,3,2948.14,8844.42
Ord97_1,Ord97,M258,3,3493.2,10479.599999999999
Ord97_2,Ord97,M303,2,2217.91,4435.82
Ord98_1,Ord98,M275,4,3117.86,12471.44
Ord99_1,Ord99,M222,1,3014.79,3014.79
Ord99_2,Ord99,M96,2,3009.06,6018.12
Ord99_3,Ord99,M59,4,2842.94,11371.76
Ord100_1,Ord100,M206,3,4577.08,13731.24
Ord100_2,Ord100,M91,5,2629.65,13148.25
Ord101_1,Ord101,M55,2,2809.75,5619.5
Ord102_1,Ord102,M205,1,582.37,582.37
Ord102_2,Ord102,M10,5,298.47,1492.3500000000001
Ord103_1,Ord103,M299,3,2544.74,7634.219999999999
Ord103_2,Ord103,M303,5,2217.91,11089.55
Ord104_1,Ord104,M14,5,4192.78,20963.899999999998
Ord104_2,Ord104,M58,4,2917.51,11670.04
Ord104_3,Ord104,M81,3,1262.51,3787.5299999999997
Ord105_1,Ord105,M10,3,298.47,895.4100000000001
Ord105_2,Ord105,M278,3,4639.92,13919.76
Ord105_3,Ord105,M13,2,4797.87,9595.74
Ord106_1,Ord106,M218,4,1883.67,7534.68
Ord106_2,Ord106,M229,4,2646.21,10584.84
Ord106_3,Ord106,M113,5,702.68,3513.3999999999996
Ord107_1,Ord107,M260,3,1856.75,5570.25
Ord108_1,Ord108,M225,4,2155.92,8623.68
Ord108_2,Ord108,M196,4,1180.5,4722.0
Ord108_3,Ord108,M94,3,2358.0,7074.0
Ord109_1,Ord109,M119,5,4352.95,21764.75
Ord109_2,Ord109,M4,2,3085.54,6171.08
Ord109_3,Ord109,M29,3,3309.38,9928.14
Ord110_1,Ord110,M272,4,2990.09,11960.36
Ord110_2,Ord110,M21,5,2522.6,12613.0
Ord111_1,Ord111,M304,4,778.06,3112.24
Ord111_2,Ord111,M60,1,3206.48,3206.48
Ord112_1,Ord112,M26,5,4688.73,23443.649999999998
Ord112_2,Ord112,M226,5,4602.85,23014.25
Ord113_1,Ord113,M219,1,1737.63,1737.63
Ord113_2,Ord113,M308,4,3138.95,12555.8
Ord114_1,Ord114,M201,3,1388.83,4166.49
Ord114_2,Ord114,M69,5,3787.92,18939.6
Ord115_1,Ord115,M136,4,571.2,2284.8
Ord115_2,Ord115,M251,3,1120.88,3362.6400000000003
Ord116_1,Ord116,M73,1,3397.78,3397.78
Ord116_2,Ord116,M40,4,1792.55,7170.2
Ord116_3,Ord116,M284,1,2049.43,2049.43
Ord117_1,Ord117,M114,5,4969.39,24846.95
Ord118_1,Ord118,M125,1,4695.44,4695.44
Ord118_2,Ord118,M22,4,1849.9,7399.6
Ord118_3,Ord118,M239,4,3901.72,15606.88
Ord119_1,Ord119,M43,2,1238.41,2476.82
Ord119_2,Ord119,M9,4,2315.05,9260.2
Ord119_3,Ord119,M223,3,2784.17,8352.51
Ord120_1,Ord120,M230,1,3669.02,3669.02
Ord120_2,Ord120,M243,3,1067.92,3203.76
Ord121_1,Ord121,M129,5,1922.49,9612.45
Ord121_2,Ord121,M241,5,4693.88,23469.4
Ord121_3,Ord121,M227,3,427.42,1282.26
Ord122_1,Ord122,M243,3,1067.92,3203.76
Ord122_2,Ord122,M218,3,1883.67,5651.01
Ord123_1,Ord123,M221,5,2272.8,11364.0
Ord123_2,Ord123,M187,5,4509.65,22548.25
Ord124_1,Ord124,M139,5,2602.59,13012.95
Ord125_1,Ord125,M260,5,1856.75,9283.75
Ord126_1,Ord126,M168,3,4769.21,14307.630000000001
Ord126_2,Ord126,M94,4,2358.0,9432.0
Ord127_1,Ord127,M200,5,658.17,3290.85
Ord127_2,Ord127,M141,4,2721.2,10884.8
Ord127_3,Ord127,M129,3,1922.49,5767.47
Ord128_1,Ord128,M26,1,4688.73,4688.73
Ord128_2,Ord128,M261,4,2791.14,11164.56
Ord128_3,Ord128,M297,3,3121.39,9364.17
Ord129_1,Ord129,M116,3,2291.81,6875.43
Ord130_1,Ord130,M178,5,3542.8,17714.0
Ord130_2,Ord130,M134,2,4888.95,9777.9
Ord130_3,Ord130,M223,2,2784.17,5568.34
Ord131_1,Ord131,M216,5,1646.83,8234.15
Ord132_1,Ord132,M61,2,2533.55,5067.1
Ord133_1,Ord133,M39,1,2559.5,2559.5
Ord133_2,Ord133,M242,1,2139.12,2139.12
Ord134_1,Ord134,M220,3,3512.3,10536.900000000001
Ord134_2,Ord134,M15,5,804.84,4024.2000000000003
Ord134_3,Ord134,M257,4,630.06,2520.24
Ord135_1,Ord135,M38,5,4877.66,24388.3
Ord136_1,Ord136,M120,1,1480.45,1480.45
Ord136_2,Ord136,M198,2,3355.06,6710.12
Ord137_1,Ord137,M190,2,3210.5,6421.0
Ord137_2,Ord137,M119,1,4352.95,4352.95
Ord137_3,Ord137,M21,3,2522.6,7567.799999999999
Ord138_1,Ord138,M150,2,1061.83,2123.66
Ord138_2,Ord138,M197,4,3404.58,13618.32
Ord139_1,Ord139,M33,2,4315.55,8631.1
Ord140_1,Ord140,M221,2,2272.8,4545.6
Ord140_2,Ord140,M181,5,1430.81,7154.049999999999
Ord140_3,Ord140,M166,4,4643.89,18575.56
Ord141_1,Ord141,M291,1,2673.42,2673.42
Ord142_1,Ord142,M262,5,2096.85,10484.25
Ord142_2,Ord142,M138,1,2139.7,2139.7
Ord142_3,Ord142,M251,1,1120.88,1120.88
Ord143_1,Ord143,M42,3,3755.48,11266.44
Ord144_1,Ord144,M167,5,2694.36,13471.800000000001
Ord145_1,Ord145,M94,3,2358.0,7074.0
Ord146_1,Ord146,M260,4,1856.75,7427.0
Ord146_2,Ord146,M7,4,926.72,3706.88
Ord146_3,Ord146,M40,1,1792.55,1792.55
Ord147_1,Ord147,M55,5,2809.75,14048.75
Ord148_1,Ord148,M302,2,4641.17,9282.34
Ord148_2,Ord148,M51,1,4562.7,4562.7
Ord148_3,Ord148,M87,4,536.57,2146.28
Ord149_1,Ord149,M150,2,1061.83,2123.66
Ord149_2,Ord149,M245,1,3164.09,3164.09
Ord149_3,Ord149,M21,3,2522.6,7567.799999999999
Ord150_1,Ord150,M170,3,456.84,1370.52
Ord150_2,Ord150,M251,2,1120.88,2241.76
Ord150_3,Ord150,M186,1,2024.0,2024.0
Ord151_1,Ord151,M102,4,304.98,1219.92
Ord151_2,Ord151,M168,4,4769.21,19076.84
Ord152_1,Ord152,M80,1,3786.51,3786.51
Ord152_2,Ord152,M235,4,3021.33,12085.32
Ord152_3,Ord152,M154,3,3831.37,11494.11
Ord153_1,Ord153,M113,1,702.68,702.68
Ord153_2,Ord153,M305,2,1665.73,3331.46
Ord154_1,Ord154,M228,4,1836.6,7346.4
Ord154_2,Ord154,M278,3,4639.92,13919.76
Ord155_1,Ord155,M199,3,4399.85,13199.550000000001
Ord156_1,Ord156,M181,2,1430.81,2861.62
Ord156_2,Ord156,M155,1,4330.76,4330.76
Ord156_3,Ord156,M201,5,1388.83,6944.15
Ord157_1,Ord157,M93,5,2565.39,12826.949999999999
Ord157_2,Ord157,M202,3,1459.29,4377.87
Ord157_3,Ord157,M303,3,2217.91,6653.73
Ord158_1,Ord158,M39,3,2559.5,7678.5
Ord158_2,Ord158,M118,2,2273.36,4546.72
Ord159_1,Ord159,M66,3,3193.09,9579.27
Ord159_2,Ord159,M198,3,3355.06,10065.18
Ord159_3,Ord159,M273,3,2763.42,8290.26
Ord160_1,Ord160,M62,3,2866.73,8600.19
Ord161_1,Ord161,M164,5,2637.33,13186.65
Ord162_1,Ord162,M93,5,2565.39,12826.949999999999
Ord162_2,Ord162,M8,3,2390.23,7170.6900000000005
Ord163_1,Ord163,M146,5,663.66,3318.2999999999997
Ord163_2,Ord163,M47,5,4902.45,24512.25
Ord163_3,Ord163,M104,1,1571.91,1571.91
Ord164_1,Ord164,M108,2,1672.23,3344.46
Ord165_1,Ord165,M244,3,3520.17,10560.51
Ord166_1,Ord166,M186,2,2024.0,4048.0
Ord166_2,Ord166,M62,5,2866.73,14333.65
Ord167_1,Ord167,M145,5,1199.55,5997.75
Ord168_1,Ord168,M281,2,1995.07,3990.14
Ord169_1,Ord169,M303,3,2217.91,6653.73
Ord170_1,Ord170,M91,2,2629.65,5259.3
Ord170_2,Ord170,M288,3,4858.21,14574.630000000001
Ord170_3,Ord170,M187,2,4509.65,9019.3
Ord171_1,Ord171,M111,5,4942.6,24713.0
Ord171_2,Ord171,M152,5,544.29,2721.45
Ord171_3,Ord171,M273,3,2763.42,8290.26
Ord172_1,Ord172,M210,2,1354.9,2709.8
Ord173_1,Ord173,M6,5,4420.15,22100.75
Ord173_2,Ord173,M261,2,2791.14,5582.28
Ord174_1,Ord174,M264,4,1262.67,5050.68
Ord174_2,Ord174,M83,2,341.64,683.28
Ord175_1,Ord175,M151,1,4839.28,4839.28
Ord175_2,Ord175,M66,1,3193.09,3193.09
Ord175_3,Ord175,M306,2,4565.85,9131.7
Ord176_1,Ord176,M258,2,3493.2,6986.4
Ord176_2,Ord176,M78,5,4857.3,24286.5
Ord177_1,Ord177,M236,3,2695.01,8085.030000000001
Ord177_2,Ord177,M223,3,2784.17,8352.51
Ord178_1,Ord178,M274,3,2729.3,8187.900000000001
Ord178_2,Ord178,M93,5,2565.39,12826.949999999999
Ord178_3,Ord178,M68,4,3150.53,12602.12
Ord179_1,Ord179,M50,3,3884.09,11652.27
Ord179_2,Ord179,M252,3,3464.19,10392.57
Ord179_3,Ord179,M150,4,1061.83,4247.32
Ord180_1,Ord180,M127,3,2751.93,8255.789999999999
Ord181_1,Ord181,M219,2,1737.63,3475.26
Ord181_2,Ord181,M90,3,2624.8,7874.400000000001
Ord181_3,Ord181,M101,3,368.56,1105.68
Ord182_1,Ord182,M158,2,4677.62,9355.24
Ord182_2,Ord182,M126,5,2948.14,14740.699999999999
Ord183_1,Ord183,M232,3,1496.7,4490.1
Ord183_2,Ord183,M211,3,670.42,2011.2599999999998
Ord183_3,Ord183,M189,1,2473.02,2473.02
Ord184_1,Ord184,M209,2,777.2,1554.4
Ord184_2,Ord184,M183,4,3999.32,15997.28
Ord184_3,Ord184,M176,3,318.08,954.24
Ord185_1,Ord185,M193,2,2629.41,5258.82
Ord185_2,Ord185,M66,1,3193.09,3193.09
Ord185_3,Ord185,M31,4,1741.88,6967.52
Ord186_1,Ord186,M229,3,2646.21,7938.63
Ord186_2,Ord186,M132,5,818.08,4090.4
Ord187_1,Ord187,M166,1,4643.89,4643.89
Ord187_2,Ord187,M173,5,903.56,4517.799999999999
Ord188_1,Ord188,M121,4,4133.1,16532.4
Ord188_2,Ord188,M125,5,4695.44,23477.199999999997
Ord189_1,Ord189,M88,5,4380.74,21903.699999999997
Ord190_1,Ord190,M87,4,536.57,2146.28
Ord190_2,Ord190,M16,2,4743.6,9487.2
Ord190_3,Ord190,M23,5,1613.28,8066.4
Ord191_1,Ord191,M262,5,2096.85,10484.25
Ord191_2,Ord191,M203,1,4546.03,4546.03
Ord192_1,Ord192,M146,1,663.66,663.66
Ord192_2,Ord192,M96,4,3009.06,12036.24
Ord192_3,Ord192,M154,5,3831.37,19156.85
Ord193_1,Ord193,M99,2,369.28,738.56
Ord194_1,Ord194,M259,4,2759.37,11037.48
Ord194_2,Ord194,M206,4,4577.08,18308.32
Ord195_1,Ord195,M53,5,2019.26,10096.3
Ord195_2,Ord195,M24,3,2326.01,6978.030000000001
Ord196_1,Ord196,M22,3,1849.9,5549.700000000001
Ord196_2,Ord196,M208,1,1460.67,1460.67
Ord197_1,Ord197,M259,5,2759.37,13796.849999999999
Ord197_2,Ord197,M199,2,4399.85,8799.7
Ord198_1,Ord198,M154,1,3831.37,3831.37
Ord199_1,Ord199,M148,4,4869.04,19476.16
Ord199_2,Ord199,M228,5,1836.6,9183.0
Ord199_3,Ord199,M255,1,1348.37,1348.37
Ord200_1,Ord200,M242,5,2139.12,10695.599999999999
Ord200_2,Ord200,M216,3,1646.83,4940.49
Ord200_3,Ord200,M207,2,2229.73,4459.46
Ord201_1,Ord201,M178,4,3542.8,14171.2
Ord201_2,Ord201,M202,2,1459.29,2918.58
Ord202_1,Ord202,M83,4,341.64,1366.56
Ord202_2,Ord202,M261,2,2791.14,5582.28
Ord202_3,Ord202,M139,3,2602.59,7807.77
Ord203_1,Ord203,M54,5,1191.42,5957.1
Ord203_2,Ord203,M37,3,2235.46,6706.38
Ord204_1,Ord204,M196,4,1180.5,4722.0
Ord204_2,Ord204,M80,2,3786.51,7573.02
Ord204_3,Ord204,M60,2,3206.48,6412.96
Ord205_1,Ord205,M32,2,348.43,696.86
Ord205_2,Ord205,M263,4,3473.57,13894.28
Ord206_1,Ord206,M255,5,1348.37,6741.849999999999
Ord206_2,Ord206,M58,3,2917.51,8752.53
Ord207_1,Ord207,M196,5,1180.5,5902.5
Ord208_1,Ord208,M298,2,3566.26,7132.52
Ord208_2,Ord208,M275,4,3117.86,12471.44
Ord209_1,Ord209,M161,5,4513.88,22569.4
Ord210_1,Ord210,M192,5,4938.81,24694.050000000003
Ord211_1,Ord211,M80,3,3786.51,11359.53
Ord212_1,Ord212,M54,3,1191.42,3574.26
Ord213_1,Ord213,M140,1,525.01,525.01
Ord213_2,Ord213,M49,5,1253.64,6268.200000000001
Ord213_3,Ord213,M152,3,544.29,1632.87
Ord214_1,Ord214,M157,4,974.83,3899.32
Ord214_2,Ord214,M292,1,299.83,299.83
Ord214_3,Ord214,M4,5,3085.54,15427.7
Ord215_1,Ord215,M295,1,338.29,338.29
Ord215_2,Ord215,M243,4,1067.92,4271.68
Ord215_3,Ord215,M265,3,2116.88,6350.64
Ord216_1,Ord216,M122,4,4099.95,16399.8
Ord216_2,Ord216,M4,1,3085.54,3085.54
Ord216_3,Ord216,M265,5,2116.88,10584.400000000001
Ord217_1,Ord217,M35,4,930.63,3722.52
Ord218_1,Ord218,M132,3,818.08,2454.2400000000002
Ord218_2,Ord218,M142,5,1475.66,7378.3
Ord219_1,Ord219,M102,4,304.98,1219.92
Ord220_1,Ord220,M236,5,2695.01,13475.050000000001
Ord220_2,Ord220,M6,2,4420.15,8840.3
Ord221_1,Ord221,M238,2,3030.4,6060.8
Ord221_2,Ord221,M37,4,2235.46,8941.84
Ord221_3,Ord221,M188,4,995.47,3981.88
Ord222_1,Ord222,M82,3,2257.02,6771.0599999999995
Ord222_2,Ord222,M238,1,3030.4,3030.4
Ord223_1,Ord223,M209,1,777.2,777.2
Ord223_2,Ord223,M219,4,1737.63,6950.52
Ord223_3,Ord223,M44,3,3116.32,9348.960000000001
Ord224_1,Ord224,M287,5,1675.19,8375.95
Ord224_2,Ord224,M21,5,2522.6,12613.0
Ord224_3,Ord224,M119,2,4352.95,8705.9
Ord225_1,Ord225,M230,3,3669.02,11007.06
Ord225_2,Ord225,M279,5,2713.07,13565.35
Ord226_1,Ord226,M200,3,658.17,1974.5099999999998
Ord226_2,Ord226,M64,4,3061.94,12247.76
Ord227_1,Ord227,M85,2,2634.75,5269.5
Ord227_2,Ord227,M164,1,2637.33,2637.33
Ord227_3,Ord227,M294,3,2831.44,8494.32
Ord228_1,Ord228,M104,1,1571.91,1571.91
Ord228_2,Ord228,M293,3,4190.44,12571.32
Ord228_3,Ord228,M27,2,3612.55,7225.1
Ord229_1,Ord229,M158,3,4677.62,14032.86
Ord229_2,Ord229,M76,5,4199.34,20996.7
Ord230_1,Ord230,M280,2,2142.11,4284.22
Ord230_2,Ord230,M53,5,2019.26,10096.3
Ord231_1,Ord231,M227,1,427.42,427.42
Ord231_2,Ord231,M238,4,3030.4,12121.6
Ord232_1,Ord232,M70,5,314.94,1574.7
Ord232_2,Ord232,M102,5,304.98,1524.9
Ord233_1,Ord233,M240,5,3607.06,18035.3
Ord233_2,Ord233,M80,5,3786.51,18932.550000000003
Ord234_1,Ord234,M59,3,2842.94,8528.82
Ord234_2,Ord234,M309,1,543.05,543.05
Ord234_3,Ord234,M159,1,3482.84,3482.84
Ord235_1,Ord235,M122,1,4099.95,4099.95
Ord236_1,Ord236,M168,2,4769.21,9538.42
Ord236_2,Ord236,M89,2,4072.73,8145.46
Ord237_1,Ord237,M183,4,3999.32,15997.28
Ord237_2,Ord237,M270,4,4415.94,17663.76
Ord237_3,Ord237,M207,3,2229.73,6689.1900000000005
Ord238_1,Ord238,M271,2,3552.61,7105.22
Ord238_2,Ord238,M146,1,663.66,663.66
Ord239_1,Ord239,M258,2,3493.2,6986.4
Ord239_2,Ord239,M296,2,406.01,812.02
Ord239_3,Ord239,M284,3,2049.43,6148.289999999999
Ord240_1,Ord240,M154,4,3831.37,15325.48
Ord240_2,Ord240,M83,5,341.64,1708.1999999999998
Ord241_1,Ord241,M41,2,3020.12,6040.24
Ord242_1,Ord242,M184,3,2456.82,7370.460000000001
Ord242_2,Ord242,M282,2,1043.14,2086.28
Ord242_3,Ord242,M169,1,2277.4,2277.4
Ord243_1,Ord243,M106,5,3615.69,18078.45
Ord243_2,Ord243,M141,1,2721.2,2721.2
Ord243_3,Ord243,M72,5,3290.08,16450.4
Ord244_1,Ord244,M270,3,4415.94,13247.82
Ord245_1,Ord245,M58,2,2917.51,5835.02
Ord245_2,Ord245,M58,2,2917.51,5835.02
Ord245_3,Ord245,M117,5,2702.54,13512.7
Ord246_1,Ord246,M89,1,4072.73,4072.73
Ord247_1,Ord247,M222,1,3014.79,3014.79
Ord248_1,Ord248,M270,1,4415.94,4415.94
Ord248_2,Ord248,M160,1,1954.81,1954.81
Ord249_1,Ord249,M14,3,4192.78,12578.34
Ord249_2,Ord249,M184,1,2456.82,2456.82
Ord249_3,Ord249,M91,4,2629.65,10518.6
Ord250_1,Ord250,M242,2,2139.12,4278.24
Ord250_2,Ord250,M232,5,1496.7,7483.5
Ord250_3,Ord250,M202,2,1459.29,2918.58
Ord251_1,Ord251,M209,4,777.2,3108.8
Ord251_2,Ord251,M139,3,2602.59,7807.77
Ord252_1,Ord252,M307,2,1236.22,2472.44
Ord252_2,Ord252,M24,4,2326.01,9304.04
Ord252_3,Ord252,M75,2,4499.56,8999.12
Ord253_1,Ord253,M146,4,663.66,2654.64
Ord254_1,Ord254,M100,1,2802.78,2802.78
Ord254_2,Ord254,M64,2,3061.94,6123.88
Ord254_3,Ord254,M12,4,4395.63,17582.52
Ord255_1,Ord255,M185,3,3263.12,9789.36
Ord255_2,Ord255,M225,4,2155.92,8623.68
Ord255_3,Ord255,M34,4,665.64,2662.56
Ord256_1,Ord256,M178,1,3542.8,3542.8
Ord256_2,Ord256,M236,4,2695.01,10780.04
Ord257_1,Ord257,M180,2,726.33,1452.66
Ord257_2,Ord257,M67,1,1539.31,1539.31
Ord258_1,Ord258,M21,2,2522.6,5045.2
Ord258_2,Ord258,M113,5,702.68,3513.3999999999996
Ord258_3,Ord258,M16,4,4743.6,18974.4
Ord259_1,Ord259,M131,2,745.16,1490.32
Ord260_1,Ord260,M228,3,1836.6,5509.799999999999
Ord261_1,Ord261,M276,3,1659.19,4977.57
Ord261_2,Ord261,M97,3,3925.27,11775.81
Ord262_1,Ord262,M292,2,299.83,599.66
Ord262_2,Ord262,M214,4,4546.13,18184.52
Ord262_3,Ord262,M245,3,3164.09,9492.27
Ord263_1,Ord263,M292,5,299.83,1499.1499999999999
Ord263_2,Ord263,M283,5,4915.94,24579.699999999997
Ord263_3,Ord263,M297,1,3121.39,3121.39
Ord264_1,Ord264,M269,5,3267.61,16338.050000000001
Ord264_2,Ord264,M33,5,4315.55,21577.75
Ord265_1,Ord265,M17,1,4940.29,4940.29
Ord265_2,Ord265,M142,1,1475.66,1475.66
Ord266_1,Ord266,M120,2,1480.45,2960.9
Ord267_1,Ord267,M274,5,2729.3,13646.5
Ord267_2,Ord267,M50,2,3884.09,7768.18
Ord268_1,Ord268,M88,1,4380.74,4380.74
Ord268_2,Ord268,M92,4,666.31,2665.24
Ord269_1,Ord269,M173,2,903.56,1807.12
Ord270_1,Ord270,M145,3,1199.55,3598.6499999999996
Ord271_1,Ord271,M59,2,2842.94,5685.88
Ord272_1,Ord272,M6,4,4420.15,17680.6
Ord272_2,Ord272,M79,4,3376.15,13504.6
Ord272_3,Ord272,M49,1,1253.64,1253.64
Ord273_1,Ord273,M139,1,2602.59,2602.59
Ord273_2,Ord273,M23,4,1613.28,6453.12
Ord274_1,Ord274,M232,3,1496.7,4490.1
Ord275_1,Ord275,M63,5,591.29,2956.45
Ord275_2,Ord275,M29,1,3309.38,3309.38
Ord276_1,Ord276,M208,1,1460.67,1460.67
Ord276_2,Ord276,M136,2,571.2,1142.4
Ord277_1,Ord277,M52,2,1439.03,2878.06
Ord278_1,Ord278,M205,4,582.37,2329.48
Ord279_1,Ord279,M88,3,4380.74,13142.22
Ord280_1,Ord280,M215,3,2714.81,8144.43
Ord280_2,Ord280,M125,5,4695.44,23477.199999999997
Ord281_1,Ord281,M160,1,1954.81,1954.81
Ord281_2,Ord281,M96,3,3009.06,9027.18
Ord281_3,Ord281,M292,2,299.83,599.66
Ord282_1,Ord282,M308,3,3138.95,9416.849999999999
Ord282_2,Ord282,M22,5,1849.9,9249.5
Ord282_3,Ord282,M296,1,406.01,406.01
Ord283_1,Ord283,M265,3,2116.88,6350.64
Ord283_2,Ord283,M29,2,3309.38,6618.76
Ord283_3,Ord283,M297,1,3121.39,3121.39
Ord284_1,Ord284,M105,5,4951.32,24756.6
Ord285_1,Ord285,M128,5,4426.24,22131.199999999997
Ord285_2,Ord285,M169,4,2277.4,9109.6
Ord285_3,Ord285,M4,3,3085.54,9256.619999999999
Ord286_1,Ord286,M72,4,3290.08,13160.32
Ord287_1,Ord287,M202,5,1459.29,7296.45
Ord288_1,Ord288,M202,4,1459.29,5837.16
Ord289_1,Ord289,M268,4,2004.18,8016.72
Ord289_2,Ord289,M213,5,4202.04,21010.2
Ord289_3,Ord289,M175,5,3185.4,15927.0
Ord290_1,Ord290,M205,5,582.37,2911.85
Ord291_1,Ord291,M164,5,2637.33,13186.65
Ord292_1,Ord292,M112,3,3991.81,11975.43
Ord292_2,Ord292,M282,3,1043.14,3129.42
Ord293_1,Ord293,M139,5,2602.59,13012.95
Ord293_2,Ord293,M36,4,2956.37,11825.48
Ord293_3,Ord293,M64,1,3061.94,3061.94
Ord294_1,Ord294,M248,5,534.2,2671.0
Ord294_2,Ord294,M63,3,591.29,1773.87
Ord294_3,Ord294,M159,3,3482.84,10448.52
Ord295_1,Ord295,M62,2,2866.73,5733.46
Ord296_1,Ord296,M239,3,3901.72,11705.16
Ord296_2,Ord296,M219,3,1737.63,5212.89
Ord296_3,Ord296,M230,2,3669.02,7338.04
Ord297_1,Ord297,M292,4,299.83,1199.32
Ord298_1,Ord298,M39,2,2559.5,5119.0
Ord299_1,Ord299,M192,3,4938.81,14816.43
Ord300_1,Ord300,M271,5,3552.61,17763.05
Ord300_2,Ord300,M146,2,663.66,1327.32
Ord301_1,Ord301,M220,2,3512.3,7024.6
Ord301_2,Ord301,M57,1,1787.49,1787.49
Ord301_3,Ord301,M63,1,591.29,591.29
Ord302_1,Ord302,M156,5,744.26,3721.3
Ord302_2,Ord302,M256,4,657.51,2630.04
Ord302_3,Ord302,M304,3,778.06,2334.18
Ord303_1,Ord303,M187,2,4509.65,9019.3
Ord303_2,Ord303,M5,2,4802.53,9605.06
Ord304_1,Ord304,M221,4,2272.8,9091.2
Ord304_2,Ord304,M270,4,4415.94,17663.76
Ord305_1,Ord305,M150,2,1061.83,2123.66
Ord305_2,Ord305,M1,1,2540.83,2540.83
Ord305_3,Ord305,M238,5,3030.4,15152.0
Ord306_1,Ord306,M74,4,4102.21,16408.84
Ord307_1,Ord307,M263,3,3473.57,10420.710000000001
Ord308_1,Ord308,M286,2,3127.58,6255.16
Ord308_2,Ord308,M167,1,2694.36,2694.36
Ord309_1,Ord309,M57,2,1787.49,3574.98
Ord310_1,Ord310,M110,1,2810.6,2810.6
Ord310_2,Ord310,M237,2,4437.18,8874.36
Ord311_1,Ord311,M147,3,3450.87,10352.61
Ord311_2,Ord311,M272,4,2990.09,11960.36
Ord311_3,Ord311,M82,1,2257.02,2257.02
Ord312_1,Ord312,M242,2,2139.12,4278.24
Ord313_1,Ord313,M128,1,4426.24,4426.24
Ord313_2,Ord313,M169,1,2277.4,2277.4
Ord313_3,Ord313,M273,2,2763.42,5526.84
Ord314_1,Ord314,M207,5,2229.73,11148.65
Ord315_1,Ord315,M179,1,898.6,898.6
Ord316_1,Ord316,M167,4,2694.36,10777.44
Ord316_2,Ord316,M158,2,4677.62,9355.24
Ord316_3,Ord316,M62,3,2866.73,8600.19
Ord317_1,Ord317,M244,5,3520.17,17600.85
Ord318_1,Ord318,M9,3,2315.05,6945.150000000001
Ord318_2,Ord318,M101,4,368.56,1474.24
Ord318_3,Ord318,M173,1,903.56,903.56
Ord319_1,Ord319,M7,1,926.72,926.72
Ord319_2,Ord319,M302,5,4641.17,23205.85
Ord320_1,Ord320,M88,3,4380.74,13142.22
Ord320_2,Ord320,M57,5,1787.49,8937.45
Ord321_1,Ord321,M296,3,406.01,1218.03
Ord321_2,Ord321,M310,2,610.89,1221.78
Ord322_1,Ord322,M53,2,2019.26,4038.52
Ord322_2,Ord322,M142,5,1475.66,7378.3
Ord323_1,Ord323,M220,5,3512.3,17561.5
Ord323_2,Ord323,M77,4,588.62,2354.48
Ord324_1,Ord324,M44,4,3116.32,12465.28
Ord324_2,Ord324,M266,3,3411.67,10235.01
Ord324_3,Ord324,M234,5,2078.13,10390.650000000001
Ord325_1,Ord325,M284,1,2049.43,2049.43
Ord326_1,Ord326,M141,5,2721.2,13606.0
Ord326_2,Ord326,M189,1,2473.02,2473.02
Ord327_1,Ord327,M99,1,369.28,369.28
Ord327_2,Ord327,M26,2,4688.73,9377.46
Ord327_3,Ord327,M41,3,3020.12,9060.36
Ord328_1,Ord328,M73,5,3397.78,16988.9
Ord328_2,Ord328,M149,2,4401.16,8802.32
Ord328_3,Ord328,M292,3,299.83,899.49
Ord329_1,Ord329,M224,2,4607.35,9214.7
Ord329_2,Ord329,M263,1,3473.57,3473.57
Ord330_1,Ord330,M252,5,3464.19,17320.95
Ord331_1,Ord331,M235,5,3021.33,15106.65
Ord332_1,Ord332,M169,1,2277.4,2277.4
Ord332_2,Ord332,M218,5,1883.67,9418.35
Ord333_1,Ord333,M9,2,2315.05,4630.1
Ord333_2,Ord333,M116,4,2291.81,9167.24
Ord333_3,Ord333,M139,2,2602.59,5205.18
Ord334_1,Ord334,M172,3,4642.83,13928.49
Ord335_1,Ord335,M301,1,2000.08,2000.08
Ord335_2,Ord335,M229,3,2646.21,7938.63
Ord336_1,Ord336,M105,2,4951.32,9902.64
Ord336_2,Ord336,M220,3,3512.3,10536.900000000001
Ord337_1,Ord337,M288,1,4858.21,4858.21
Ord337_2,Ord337,M222,3,3014.79,9044.369999999999
Ord337_3,Ord337,M84,5,3554.76,17773.800000000003
Ord338_1,Ord338,M57,1,1787.49,1787.49
Ord338_2,Ord338,M104,2,1571.91,3143.82
Ord339_1,Ord339,M272,1,2990.09,2990.09
Ord339_2,Ord339,M293,5,4190.44,20952.199999999997
Ord339_3,Ord339,M225,5,2155.92,10779.6
Ord340_1,Ord340,M164,1,2637.33,2637.33
Ord341_1,Ord341,M152,3,544.29,1632.87
Ord341_2,Ord341,M62,4,2866.73,11466.92
Ord341_3,Ord341,M272,3,2990.09,8970.27
Ord342_1,Ord342,M228,2,1836.6,3673.2
Ord343_1,Ord343,M9,2,2315.05,4630.1
Ord343_2,Ord343,M281,1,1995.07,1995.07
Ord343_3,Ord343,M213,2,4202.04,8404.08
Ord344_1,Ord344,M276,1,1659.19,1659.19
Ord344_2,Ord344,M140,5,525.01,2625.05
Ord345_1,Ord345,M48,3,1260.55,3781.6499999999996
Ord345_2,Ord345,M166,5,4643.89,23219.45
Ord346_1,Ord346,M248,5,534.2,2671.0
Ord346_2,Ord346,M51,5,4562.7,22813.5
Ord346_3,Ord346,M150,3,1061.83,3185.49
Ord347_1,Ord347,M48,1,1260.55,1260.55
Ord347_2,Ord347,M38,1,4877.66,4877.66
Ord347_3,Ord347,M220,4,3512.3,14049.2
Ord348_1,Ord348,M111,2,4942.6,9885.2
Ord348_2,Ord348,M52,1,1439.03,1439.03
Ord349_1,Ord349,M230,2,3669.02,7338.04
Ord349_2,Ord349,M306,5,4565.85,22829.25
Ord350_1,Ord350,M131,3,745.16,2235.48
Ord350_2,Ord350,M178,2,3542.8,7085.6
Ord350_3,Ord350,M105,5,4951.32,24756.6
Ord351_1,Ord351,M238,4,3030.4,12121.6
Ord351_2,Ord351,M56,5,937.73,4688.65
Ord352_1,Ord352,M257,2,630.06,1260.12
Ord352_2,Ord352,M99,2,369.28,738.56
Ord353_1,Ord353,M135,5,1178.42,5892.1
Ord354_1,Ord354,M120,3,1480.45,4441.35
Ord354_2,Ord354,M23,3,1613.28,4839.84
Ord355_1,Ord355,M113,3,702.68,2108.04
Ord355_2,Ord355,M148,5,4869.04,24345.2
Ord355_3,Ord355,M55,2,2809.75,5619.5
Ord356_1,Ord356,M32,2,348.43,696.86
Ord356_2,Ord356,M273,2,2763.42,5526.84
Ord356_3,Ord356,M1,2,2540.83,5081.66
Ord357_1,Ord357,M69,2,3787.92,7575.84
Ord357_2,Ord357,M42,3,3755.48,11266.44
Ord357_3,Ord357,M178,4,3542.8,14171.2
Ord358_1,Ord358,M286,2,3127.58,6255.16
Ord359_1,Ord359,M34,2,665.64,1331.28
Ord360_1,Ord360,M68,3,3150.53,9451.59
Ord360_2,Ord360,M169,4,2277.4,9109.6
Ord360_3,Ord360,M204,3,3697.73,11093.19
Ord361_1,Ord361,M240,3,3607.06,10821.18
Ord362_1,Ord362,M237,2,4437.18,8874.36
Ord362_2,Ord362,M2,4,2576.74,10306.96
Ord363_1,Ord363,M102,3,304.98,914.94
Ord364_1,Ord364,M276,1,1659.19,1659.19
Ord365_1,Ord365,M78,5,4857.3,24286.5
Ord365_2,Ord365,M26,4,4688.73,18754.92
Ord365_3,Ord365,M172,5,4642.83,23214.15
Ord366_1,Ord366,M207,5,2229.73,11148.65
Ord366_2,Ord366,M95,2,4513.56,9027.12
Ord366_3,Ord366,M135,3,1178.42,3535.26
Ord367_1,Ord367,M1,5,2540.83,12704.15
Ord368_1,Ord368,M215,2,2714.81,5429.62
Ord368_2,Ord368,M135,4,1178.42,4713.68
Ord368_3,Ord368,M62,3,2866.73,8600.19
Ord369_1,Ord369,M48,1,1260.55,1260.55
Ord369_2,Ord369,M260,2,1856.75,3713.5
Ord370_1,Ord370,M217,3,4500.42,13501.26
Ord370_2,Ord370,M160,5,1954.81,9774.05
Ord370_3,Ord370,M134,4,4888.95,19555.8
Ord371_1,Ord371,M139,2,2602.59,5205.18
Ord372_1,Ord372,M115,1,3668.89,3668.89
Ord373_1,Ord373,M6,5,4420.15,22100.75
Ord373_2,Ord373,M266,4,3411.67,13646.68
Ord374_1,Ord374,M263,2,3473.57,6947.14
Ord374_2,Ord374,M220,5,3512.3,17561.5
Ord375_1,Ord375,M98,2,4405.92,8811.84
Ord375_2,Ord375,M132,3,818.08,2454.2400000000002
Ord375_3,Ord375,M165,3,2807.34,8422.02
Ord376_1,Ord376,M302,1,4641.17,4641.17
Ord376_2,Ord376,M150,3,1061.83,3185.49
Ord376_3,Ord376,M235,4,3021.33,12085.32
Ord377_1,Ord377,M188,3,995.47,2986.41
Ord377_2,Ord377,M64,1,3061.94,3061.94
Ord377_3,Ord377,M62,5,2866.73,14333.65
Ord378_1,Ord378,M130,2,359.55,719.1
Ord378_2,Ord378,M192,3,4938.81,14816.43
Ord379_1,Ord379,M112,4,3991.81,15967.24
Ord379_2,Ord379,M120,5,1480.45,7402.25
Ord379_3,Ord379,M239,4,3901.72,15606.88
Ord380_1,Ord380,M30,5,2224.12,11120.599999999999
Ord380_2,Ord380,M121,4,4133.1,16532.4
Ord380_3,Ord380,M6,4,4420.15,17680.6
Ord381_1,Ord381,M133,5,1824.94,9124.7
Ord382_1,Ord382,M159,5,3482.84,17414.2
Ord382_2,Ord382,M281,4,1995.07,7980.28
Ord382_3,Ord382,M40,3,1792.55,5377.65
Ord383_1,Ord383,M87,1,536.57,536.57
Ord383_2,Ord383,M197,5,3404.58,17022.9
Ord383_3,Ord383,M160,5,1954.81,9774.05
Ord384_1,Ord384,M47,3,4902.45,14707.349999999999
Ord384_2,Ord384,M273,5,2763.42,13817.1
Ord385_1,Ord385,M50,5,3884.09,19420.45
Ord385_2,Ord385,M142,4,1475.66,5902.64
Ord385_3,Ord385,M291,3,2673.42,8020.26
Ord386_1,Ord386,M138,1,2139.7,2139.7
Ord387_1,Ord387,M35,1,930.63,930.63
Ord387_2,Ord387,M244,5,3520.17,17600.85
Ord388_1,Ord388,M25,5,1668.03,8340.15
Ord388_2,Ord388,M143,2,3214.42,6428.84
Ord388_3,Ord388,M269,4,3267.61,13070.44
Ord389_1,Ord389,M51,3,4562.7,13688.099999999999
Ord389_2,Ord389,M23,1,1613.28,1613.28
Ord390_1,Ord390,M264,5,1262.67,6313.35
Ord391_1,Ord391,M76,2,4199.34,8398.68
Ord392_1,Ord392,M218,3,1883.67,5651.01
Ord392_2,Ord392,M129,3,1922.49,5767.47
Ord393_1,Ord393,M148,4,4869.04,19476.16
Ord394_1,Ord394,M81,1,1262.51,1262.51
Ord395_1,Ord395,M192,3,4938.81,14816.43
Ord395_2,Ord395,M41,1,3020.12,3020.12
Ord396_1,Ord396,M133,3,1824.94,5474.82
Ord396_2,Ord396,M49,1,1253.64,1253.64
Ord396_3,Ord396,M309,4,543.05,2172.2
Ord397_1,Ord397,M52,1,1439.03,1439.03
Ord397_2,Ord397,M38,4,4877.66,19510.64
Ord397_3,Ord397,M85,3,2634.75,7904.25
Ord398_1,Ord398,M248,5,534.2,2671.0
Ord399_1,Ord399,M187,1,4509.65,4509.65
Ord400_1,Ord400,M103,4,456.7,1826.8
Ord401_1,Ord401,M88,1,4380.74,4380.74
Ord401_2,Ord401,M148,5,4869.04,24345.2
Ord401_3,Ord401,M43,5,1238.41,6192.05
Ord402_1,Ord402,M89,2,4072.73,8145.46
Ord403_1,Ord403,M192,1,4938.81,4938.81
Ord403_2,Ord403,M135,1,1178.42,1178.42
Ord404_1,Ord404,M111,4,4942.6,19770.4
Ord404_2,Ord404,M279,1,2713.07,2713.07
Ord405_1,Ord405,M166,1,4643.89,4643.89
Ord405_2,Ord405,M256,1,657.51,657.51
Ord405_3,Ord405,M92,3,666.31,1998.9299999999998
Ord406_1,Ord406,M139,2,2602.59,5205.18
Ord407_1,Ord407,M244,3,3520.17,10560.51
Ord408_1,Ord408,M84,4,3554.76,14219.04
Ord408_2,Ord408,M59,3,2842.94,8528.82
Ord409_1,Ord409,M237,2,4437.18,8874.36
Ord409_2,Ord409,M166,2,4643.89,9287.78
Ord409_3,Ord409,M237,3,4437.18,13311.54
Ord410_1,Ord410,M256,4,657.51,2630.04
Ord410_2,Ord410,M168,2,4769.21,9538.42
Ord411_1,Ord411,M91,3,2629.65,7888.950000000001
Ord411_2,Ord411,M302,3,4641.17,13923.51
Ord411_3,Ord411,M223,1,2784.17,2784.17
Ord412_1,Ord412,M270,4,4415.94,17663.76
Ord413_1,Ord413,M183,4,3999.32,15997.28
Ord413_2,Ord413,M225,3,2155.92,6467.76
Ord413_3,Ord413,M265,5,2116.88,10584.400000000001
Ord414_1,Ord414,M77,5,588.62,2943.1
Ord414_2,Ord414,M310,3,610.89,1832.67
Ord415_1,Ord415,M217,4,4500.42,18001.68
Ord416_1,Ord416,M107,5,4436.46,22182.3
Ord416_2,Ord416,M179,5,898.6,4493.0
Ord417_1,Ord417,M261,1,2791.14,2791.14
Ord417_2,Ord417,M225,5,2155.92,10779.6
Ord418_1,Ord418,M20,1,2657.39,2657.39
Ord418_2,Ord418,M53,4,2019.26,8077.04
Ord418_3,Ord418,M175,4,3185.4,12741.6
Ord419_1,Ord419,M90,5,2624.8,13124.0
Ord420_1,Ord420,M90,5,2624.8,13124.0
Ord420_2,Ord420,M248,4,534.2,2136.8
Ord421_1,Ord421,M306,1,4565.85,4565.85
Ord421_2,Ord421,M188,4,995.47,3981.88
Ord422_1,Ord422,M266,5,3411.67,17058.35
Ord422_2,Ord422,M24,2,2326.01,4652.02
Ord422_3,Ord422,M8,5,2390.23,11951.15
Ord423_1,Ord423,M238,5,3030.4,15152.0
Ord423_2,Ord423,M182,2,2208.14,4416.28
Ord424_1,Ord424,M269,2,3267.61,6535.22
Ord424_2,Ord424,M168,2,4769.21,9538.42
Ord425_1,Ord425,M270,4,4415.94,17663.76
Ord426_1,Ord426,M211,1,670.42,670.42
Ord426_2,Ord426,M191,4,465.13,1860.52
Ord427_1,Ord427,M78,4,4857.3,19429.2
Ord427_2,Ord427,M268,2,2004.18,4008.36
Ord427_3,Ord427,M133,5,1824.94,9124.7
Ord428_1,Ord428,M158,1,4677.62,4677.62
Ord429_1,Ord429,M70,1,314.94,314.94
Ord429_2,Ord429,M288,3,4858.21,14574.630000000001
Ord429_3,Ord429,M188,4,995.47,3981.88
Ord430_1,Ord430,M267,5,2777.22,13886.099999999999
Ord430_2,Ord430,M82,2,2257.02,4514.04
Ord430_3,Ord430,M205,3,582.37,1747.1100000000001
Ord431_1,Ord431,M114,3,4969.39,14908.170000000002
Ord432_1,Ord432,M288,1,4858.21,4858.21
Ord432_2,Ord432,M46,3,2631.74,7895.219999999999
Ord433_1,Ord433,M155,1,4330.76,4330.76
Ord433_2,Ord433,M153,5,1621.3,8106.5
Ord433_3,Ord433,M25,5,1668.03,8340.15
Ord434_1,Ord434,M71,1,2566.38,2566.38
Ord434_2,Ord434,M191,4,465.13,1860.52
Ord435_1,Ord435,M228,4,1836.6,7346.4
Ord435_2,Ord435,M117,3,2702.54,8107.62
Ord436_1,Ord436,M22,5,1849.9,9249.5
Ord436_2,Ord436,M46,1,2631.74,2631.74
Ord436_3,Ord436,M187,5,4509.65,22548.25
Ord437_1,Ord437,M203,4,4546.03,18184.12
Ord438_1,Ord438,M60,3,3206.48,9619.44
Ord439_1,Ord439,M218,4,1883.67,7534.68
Ord440_1,Ord440,M162,2,3367.88,6735.76
Ord441_1,Ord441,M171,4,1690.73,6762.92
Ord441_2,Ord441,M206,1,4577.08,4577.08
Ord441_3,Ord441,M205,1,582.37,582.37
Ord442_1,Ord442,M292,3,299.83,899.49
Ord442_2,Ord442,M98,2,4405.92,8811.84
Ord443_1,Ord443,M271,4,3552.61,14210.44
Ord444_1,Ord444,M153,1,1621.3,1621.3
Ord445_1,Ord445,M213,2,4202.04,8404.08
Ord446_1,Ord446,M44,1,3116.32,3116.32
Ord446_2,Ord446,M157,3,974.83,2924.4900000000002
Ord446_3,Ord446,M129,4,1922.49,7689.96
Ord447_1,Ord447,M34,2,665.64,1331.28
Ord447_2,Ord447,M273,5,2763.42,13817.1
Ord447_3,Ord447,M194,4,4303.37,17213.48
Ord448_1,Ord448,M28,2,969.65,1939.3
Ord448_2,Ord448,M38,4,4877.66,19510.64
Ord449_1,Ord449,M261,1,2791.14,2791.14
Ord449_2,Ord449,M70,4,314.94,1259.76
Ord450_1,Ord450,M140,4,525.01,2100.04
Ord450_2,Ord450,M293,5,4190.44,20952.199999999997
Ord451_1,Ord451,M275,4,3117.86,12471.44
Ord452_1,Ord452,M38,3,4877.66,14632.98
Ord453_1,Ord453,M107,3,4436.46,13309.380000000001
Ord453_2,Ord453,M205,1,582.37,582.37
Ord453_3,Ord453,M80,5,3786.51,18932.550000000003
Ord454_1,Ord454,M306,3,4565.85,13697.550000000001
Ord454_2,Ord454,M79,2,3376.15,6752.3
Ord454_3,Ord454,M259,2,2759.37,5518.74
Ord455_1,Ord455,M236,1,2695.01,2695.01
Ord456_1,Ord456,M97,5,3925.27,19626.35
Ord457_1,Ord457,M192,3,4938.81,14816.43
Ord458_1,Ord458,M160,1,1954.81,1954.81
Ord458_2,Ord458,M310,2,610.89,1221.78
Ord459_1,Ord459,M234,2,2078.13,4156.26
Ord459_2,Ord459,M113,4,702.68,2810.72
Ord459_3,Ord459,M116,5,2291.81,11459.05
Ord460_1,Ord460,M214,5,4546.13,22730.65
Ord460_2,Ord460,M35,3,930.63,2791.89
Ord460_3,Ord460,M197,3,3404.58,10213.74
Ord461_1,Ord461,M158,4,4677.62,18710.48
Ord461_2,Ord461,M256,1,657.51,657.51
Ord462_1,Ord462,M143,3,3214.42,9643.26
Ord462_2,Ord462,M113,4,702.68,2810.72
Ord463_1,Ord463,M303,2,2217.91,4435.82
Ord464_1,Ord464,M94,5,2358.0,11790.0
Ord464_2,Ord464,M66,5,3193.09,15965.45
Ord464_3,Ord464,M289,4,1280.65,5122.6
Ord465_1,Ord465,M123,3,3563.39,10690.17
Ord466_1,Ord466,M182,2,2208.14,4416.28
Ord467_1,Ord467,M72,5,3290.08,16450.4
Ord467_2,Ord467,M224,5,4607.35,23036.75
Ord467_3,Ord467,M30,4,2224.12,8896.48
Ord468_1,Ord468,M81,5,1262.51,6312.55
Ord468_2,Ord468,M304,5,778.06,3890.2999999999997
Ord468_3,Ord468,M39,4,2559.5,10238.0
Ord469_1,Ord469,M41,2,3020.12,6040.24
Ord470_1,Ord470,M104,5,1571.91,7859.55
Ord470_2,Ord470,M139,5,2602.59,13012.95
Ord471_1,Ord471,M159,3,3482.84,10448.52
Ord471_2,Ord471,M237,5,4437.18,22185.9
Ord472_1,Ord472,M189,2,2473.02,4946.04
Ord472_2,Ord472,M283,5,4915.94,24579.699999999997
Ord472_3,Ord472,M146,2,663.66,1327.32
Ord473_1,Ord473,M77,1,588.62,588.62
Ord473_2,Ord473,M308,3,3138.95,9416.849999999999
Ord474_1,Ord474,M137,5,4274.56,21372.800000000003
Ord474_2,Ord474,M43,5,1238.41,6192.05
Ord474_3,Ord474,M132,5,818.08,4090.4
Ord475_1,Ord475,M283,3,4915.94,14747.82
Ord476_1,Ord476,M186,1,2024.0,2024.0
Ord476_2,Ord476,M174,4,3563.12,14252.48
Ord476_3,Ord476,M78,1,4857.3,4857.3
Ord477_1,Ord477,M256,2,657.51,1315.02
Ord477_2,Ord477,M291,2,2673.42,5346.84
Ord477_3,Ord477,M222,3,3014.79,9044.369999999999
Ord478_1,Ord478,M154,5,3831.37,19156.85
Ord478_2,Ord478,M219,1,1737.63,1737.63
Ord478_3,Ord478,M49,4,1253.64,5014.56
Ord479_1,Ord479,M179,3,898.6,2695.8
Ord479_2,Ord479,M133,5,1824.94,9124.7
Ord479_3,Ord479,M224,5,4607.35,23036.75
Ord480_1,Ord480,M238,1,3030.4,3030.4
Ord480_2,Ord480,M85,4,2634.75,10539.0
Ord481_1,Ord481,M1,1,2540.83,2540.83
Ord481_2,Ord481,M299,3,2544.74,7634.219999999999
Ord482_1,Ord482,M164,1,2637.33,2637.33
Ord482_2,Ord482,M216,3,1646.83,4940.49
Ord483_1,Ord483,M232,3,1496.7,4490.1
Ord483_2,Ord483,M170,1,456.84,456.84
Ord483_3,Ord483,M256,2,657.51,1315.02
Ord484_1,Ord484,M113,2,702.68,1405.36
Ord485_1,Ord485,M115,5,3668.89,18344.45
Ord485_2,Ord485,M239,5,3901.72,19508.6
Ord485_3,Ord485,M38,5,4877.66,24388.3
Ord486_1,Ord486,M141,1,2721.2,2721.2
Ord486_2,Ord486,M265,2,2116.88,4233.76
Ord487_1,Ord487,M1,5,2540.83,12704.15
Ord487_2,Ord487,M206,1,4577.08,4577.08
Ord488_1,Ord488,M147,5,3450.87,17254.35
Ord489_1,Ord489,M6,3,4420.15,13260.449999999999
Ord489_2,Ord489,M101,4,368.56,1474.24
Ord489_3,Ord489,M24,1,2326.01,2326.01
Ord490_1,Ord490,M160,5,1954.81,9774.05
Ord490_2,Ord490,M234,3,2078.13,6234.39
Ord491_1,Ord491,M264,1,1262.67,1262.67
Ord492_1,Ord492,M223,4,2784.17,11136.68
Ord492_2,Ord492,M281,4,1995.07,7980.28
Ord493_1,Ord493,M130,1,359.55,359.55
Ord494_1,Ord494,M225,3,2155.92,6467.76
Ord495_1,Ord495,M143,1,3214.42,3214.42
Ord496_1,Ord496,M231,3,986.67,2960.0099999999998
Ord497_1,Ord497,M204,4,3697.73,14790.92
Ord498_1,Ord498,M114,3,4969.39,14908.170000000002
Ord499_1,Ord499,M47,5,4902.45,24512.25
Ord500_1,Ord500,M108,2,1672.23,3344.46
Ord500_2,Ord500,M42,3,3755.48,11266.44
Ord500_3,Ord500,M164,5,2637.33,13186.65
Ord501_1,Ord501,M60,3,3206.48,9619.44
Ord502_1,Ord502,M117,1,2702.54,2702.54
Ord502_2,Ord502,M91,4,2629.65,10518.6
Ord503_1,Ord503,M288,4,4858.21,19432.84
Ord503_2,Ord503,M158,2,4677.62,9355.24
Ord503_3,Ord503,M28,4,969.65,3878.6
Ord504_1,Ord504,M7,4,926.72,3706.88
Ord504_2,Ord504,M8,4,2390.23,9560.92
Ord505_1,Ord505,M15,3,804.84,2414.52
Ord505_2,Ord505,M310,3,610.89,1832.67
Ord506_1,Ord506,M23,4,1613.28,6453.12
Ord506_2,Ord506,M82,1,2257.02,2257.02
Ord506_3,Ord506,M87,3,536.57,1609.71
Ord507_1,Ord507,M50,1,3884.09,3884.09
Ord508_1,Ord508,M237,3,4437.18,13311.54
Ord509_1,Ord509,M277,5,3168.0,15840.0
Ord510_1,Ord510,M204,5,3697.73,18488.65
Ord510_2,Ord510,M42,5,3755.48,18777.4
Ord511_1,Ord511,M42,4,3755.48,15021.92
Ord512_1,Ord512,M301,5,2000.08,10000.4
Ord512_2,Ord512,M94,2,2358.0,4716.0
Ord513_1,Ord513,M221,1,2272.8,2272.8
Ord514_1,Ord514,M292,1,299.83,299.83
Ord514_2,Ord514,M180,5,726.33,3631.65
Ord514_3,Ord514,M303,1,2217.91,2217.91
Ord515_1,Ord515,M208,4,1460.67,5842.68
Ord515_2,Ord515,M79,4,3376.15,13504.6
Ord515_3,Ord515,M165,4,2807.34,11229.36
Ord516_1,Ord516,M12,5,4395.63,21978.15
Ord517_1,Ord517,M284,1,2049.43,2049.43
Ord518_1,Ord518,M7,5,926.72,4633.6
Ord518_2,Ord518,M204,4,3697.73,14790.92
Ord518_3,Ord518,M9,1,2315.05,2315.05
Ord519_1,Ord519,M109,5,531.7,2658.5
Ord519_2,Ord519,M164,4,2637.33,10549.32
Ord519_3,Ord519,M305,4,1665.73,6662.92
Ord520_1,Ord520,M123,4,3563.39,14253.56
Ord520_2,Ord520,M155,5,4330.76,21653.800000000003
Ord520_3,Ord520,M2,1,2576.74,2576.74
Ord521_1,Ord521,M292,4,299.83,1199.32
Ord521_2,Ord521,M201,2,1388.83,2777.66
Ord521_3,Ord521,M77,1,588.62,588.62
Ord522_1,Ord522,M72,5,3290.08,16450.4
Ord522_2,Ord522,M194,1,4303.37,4303.37
Ord522_3,Ord522,M223,3,2784.17,8352.51
Ord523_1,Ord523,M245,3,3164.09,9492.27
Ord523_2,Ord523,M185,3,3263.12,9789.36
Ord524_1,Ord524,M44,1,3116.32,3116.32
Ord524_2,Ord524,M247,2,1185.03,2370.06
Ord524_3,Ord524,M10,4,298.47,1193.88
Ord525_1,Ord525,M135,2,1178.42,2356.84
Ord525_2,Ord525,M307,2,1236.22,2472.44
Ord526_1,Ord526,M196,1,1180.5,1180.5
Ord526_2,Ord526,M265,3,2116.88,6350.64
Ord527_1,Ord527,M249,4,3117.42,12469.68
Ord528_1,Ord528,M139,5,2602.59,13012.95
Ord528_2,Ord528,M127,2,2751.93,5503.86
Ord528_3,Ord528,M217,1,4500.42,4500.42
Ord529_1,Ord529,M277,1,3168.0,3168.0
Ord529_2,Ord529,M250,1,3733.01,3733.01
Ord530_1,Ord530,M54,1,1191.42,1191.42
Ord530_2,Ord530,M175,3,3185.4,9556.2
Ord531_1,Ord531,M286,1,3127.58,3127.58
Ord532_1,Ord532,M178,5,3542.8,17714.0
Ord532_2,Ord532,M147,4,3450.87,13803.48
Ord533_1,Ord533,M173,1,903.56,903.56
Ord533_2,Ord533,M175,2,3185.4,6370.8
Ord533_3,Ord533,M86,2,4419.4,8838.8
Ord534_1,Ord534,M53,3,2019.26,6057.78
Ord535_1,Ord535,M307,3,1236.22,3708.66
Ord536_1,Ord536,M20,4,2657.39,10629.56
Ord536_2,Ord536,M283,5,4915.94,24579.699999999997
Ord537_1,Ord537,M123,5,3563.39,17816.95
Ord538_1,Ord538,M287,1,1675.19,1675.19
Ord539_1,Ord539,M154,3,3831.37,11494.11
Ord539_2,Ord539,M249,2,3117.42,6234.84
Ord540_1,Ord540,M281,2,1995.07,3990.14
Ord541_1,Ord541,M183,2,3999.32,7998.64
Ord541_2,Ord541,M241,1,4693.88,4693.88
Ord541_3,Ord541,M286,5,3127.58,15637.9
Ord542_1,Ord542,M173,2,903.56,1807.12
Ord543_1,Ord543,M229,1,2646.21,2646.21
Ord543_2,Ord543,M118,4,2273.36,9093.44
Ord544_1,Ord544,M290,3,2730.19,8190.57
Ord544_2,Ord544,M37,2,2235.46,4470.92
Ord545_1,Ord545,M22,1,1849.9,1849.9
Ord545_2,Ord545,M65,5,1888.66,9443.300000000001
Ord545_3,Ord545,M144,1,1294.2,1294.2
Ord546_1,Ord546,M278,2,4639.92,9279.84
Ord546_2,Ord546,M58,2,2917.51,5835.02
Ord546_3,Ord546,M247,5,1185.03,5925.15
Ord547_1,Ord547,M182,5,2208.14,11040.699999999999
Ord547_2,Ord547,M3,4,3852.0,15408.0
Ord548_1,Ord548,M167,4,2694.36,10777.44
Ord548_2,Ord548,M25,2,1668.03,3336.06
Ord549_1,Ord549,M19,3,3291.16,9873.48
Ord549_2,Ord549,M104,2,1571.91,3143.82
Ord550_1,Ord550,M92,5,666.31,3331.5499999999997
Ord550_2,Ord550,M133,1,1824.94,1824.94
Ord551_1,Ord551,M89,5,4072.73,20363.65
Ord551_2,Ord551,M4,3,3085.54,9256.619999999999
Ord552_1,Ord552,M290,1,2730.19,2730.19
Ord552_2,Ord552,M61,5,2533.55,12667.75
Ord553_1,Ord553,M116,3,2291.81,6875.43
Ord554_1,Ord554,M235,2,3021.33,6042.66
Ord554_2,Ord554,M85,3,2634.75,7904.25
Ord555_1,Ord555,M144,3,1294.2,3882.6000000000004
Ord556_1,Ord556,M292,5,299.83,1499.1499999999999
Ord556_2,Ord556,M38,4,4877.66,19510.64
Ord556_3,Ord556,M165,4,2807.34,11229.36
Ord557_1,Ord557,M45,1,4696.07,4696.07
Ord557_2,Ord557,M155,5,4330.76,21653.800000000003
Ord557_3,Ord557,M301,1,2000.08,2000.08
Ord558_1,Ord558,M214,4,4546.13,18184.52
Ord559_1,Ord559,M259,5,2759.37,13796.849999999999
Ord560_1,Ord560,M165,2,2807.34,5614.68
Ord561_1,Ord561,M4,5,3085.54,15427.7
Ord562_1,Ord562,M200,4,658.17,2632.68
Ord562_2,Ord562,M140,3,525.01,1575.03
Ord562_3,Ord562,M51,3,4562.7,13688.099999999999
Ord563_1,Ord563,M117,5,2702.54,13512.7
Ord563_2,Ord563,M185,1,3263.12,3263.12
Ord563_3,Ord563,M181,3,1430.81,4292.43
Ord564_1,Ord564,M165,2,2807.34,5614.68
Ord564_2,Ord564,M231,1,986.67,986.67
Ord565_1,Ord565,M42,5,3755.48,18777.4
Ord565_2,Ord565,M18,5,1401.22,7006.1
Ord565_3,Ord565,M80,5,3786.51,18932.550000000003
Ord566_1,Ord566,M147,3,3450.87,10352.61
Ord566_2,Ord566,M213,5,4202.04,21010.2
Ord567_1,Ord567,M232,1,1496.7,1496.7
Ord568_1,Ord568,M124,2,3168.82,6337.64
Ord569_1,Ord569,M123,5,3563.39,17816.95
Ord569_2,Ord569,M123,5,3563.39,17816.95
Ord569_3,Ord569,M226,2,4602.85,9205.7
Ord570_1,Ord570,M32,5,348.43,1742.15
Ord571_1,Ord571,M68,4,3150.53,12602.12
Ord571_2,Ord571,M126,3,2948.14,8844.42
Ord571_3,Ord571,M245,2,3164.09,6328.18
Ord572_1,Ord572,M281,4,1995.07,7980.28
Ord572_2,Ord572,M72,3,3290.08,9870.24
Ord573_1,Ord573,M213,4,4202.04,16808.16
Ord573_2,Ord573,M97,1,3925.27,3925.27
Ord574_1,Ord574,M296,1,406.01,406.01
Ord574_2,Ord574,M178,1,3542.8,3542.8
Ord574_3,Ord574,M12,4,4395.63,17582.52
Ord575_1,Ord575,M203,1,4546.03,4546.03
Ord576_1,Ord576,M220,3,3512.3,10536.900000000001
Ord576_2,Ord576,M163,5,2211.19,11055.95
Ord576_3,Ord576,M288,3,4858.21,14574.630000000001
Ord577_1,Ord577,M106,3,3615.69,10847.07
Ord577_2,Ord577,M49,2,1253.64,2507.28
Ord577_3,Ord577,M279,1,2713.07,2713.07
Ord578_1,Ord578,M137,1,4274.56,4274.56
Ord578_2,Ord578,M207,1,2229.73,2229.73
Ord578_3,Ord578,M205,5,582.37,2911.85
Ord579_1,Ord579,M178,5,3542.8,17714.0
Ord579_2,Ord579,M213,5,4202.04,21010.2
Ord579_3,Ord579,M238,4,3030.4,12121.6
Ord580_1,Ord580,M289,4,1280.65,5122.6
Ord581_1,Ord581,M150,5,1061.83,5309.15
Ord581_2,Ord581,M172,2,4642.83,9285.66
Ord581_3,Ord581,M262,4,2096.85,8387.4
Ord582_1,Ord582,M241,2,4693.88,9387.76
Ord582_2,Ord582,M94,1,2358.0,2358.0
Ord583_1,Ord583,M299,2,2544.74,5089.48
Ord583_2,Ord583,M265,3,2116.88,6350.64
Ord583_3,Ord583,M208,5,1460.67,7303.35
Ord584_1,Ord584,M233,5,1822.13,9110.650000000001
Ord585_1,Ord585,M60,5,3206.48,16032.4
Ord585_2,Ord585,M197,3,3404.58,10213.74
Ord585_3,Ord585,M10,4,298.47,1193.88
Ord586_1,Ord586,M256,5,657.51,3287.55
Ord586_2,Ord586,M153,3,1621.3,4863.9
Ord586_3,Ord586,M44,2,3116.32,6232.64
Ord587_1,Ord587,M41,5,3020.12,15100.599999999999
Ord587_2,Ord587,M224,5,4607.35,23036.75
Ord588_1,Ord588,M247,2,1185.03,2370.06
Ord588_2,Ord588,M47,1,4902.45,4902.45
Ord589_1,Ord589,M228,1,1836.6,1836.6
Ord590_1,Ord590,M97,3,3925.27,11775.81
Ord591_1,Ord591,M305,2,1665.73,3331.46
Ord592_1,Ord592,M30,4,2224.12,8896.48
Ord592_2,Ord592,M282,2,1043.14,2086.28
Ord593_1,Ord593,M278,3,4639.92,13919.76
Ord593_2,Ord593,M246,1,1934.19,1934.19
Ord593_3,Ord593,M300,1,3881.59,3881.59
Ord594_1,Ord594,M223,3,2784.17,8352.51
Ord594_2,Ord594,M166,1,4643.89,4643.89
Ord595_1,Ord595,M148,5,4869.04,24345.2
Ord595_2,Ord595,M273,3,2763.42,8290.26
Ord596_1,Ord596,M114,1,4969.39,4969.39
Ord596_2,Ord596,M185,3,3263.12,9789.36
Ord597_1,Ord597,M233,3,1822.13,5466.39
Ord597_2,Ord597,M294,5,2831.44,14157.2
Ord597_3,Ord597,M198,2,3355.06,6710.12
Ord598_1,Ord598,M294,3,2831.44,8494.32
Ord598_2,Ord598,M287,5,1675.19,8375.95
Ord599_1,Ord599,M71,1,2566.38,2566.38
Ord600_1,Ord600,M32,1,348.43,348.43
Ord601_1,Ord601,M242,4,2139.12,8556.48
Ord601_2,Ord601,M155,4,4330.76,17323.04
Ord601_3,Ord601,M30,4,2224.12,8896.48
Ord602_1,Ord602,M39,1,2559.5,2559.5
Ord602_2,Ord602,M95,2,4513.56,9027.12
Ord603_1,Ord603,M173,3,903.56,2710.68
Ord603_2,Ord603,M28,1,969.65,969.65
Ord603_3,Ord603,M170,2,456.84,913.68
Ord604_1,Ord604,M46,2,2631.74,5263.48
Ord604_2,Ord604,M279,4,2713.07,10852.28
Ord605_1,Ord605,M34,5,665.64,3328.2
Ord606_1,Ord606,M292,1,299.83,299.83
Ord606_2,Ord606,M47,3,4902.45,14707.349999999999
Ord607_1,Ord607,M274,4,2729.3,10917.2
Ord607_2,Ord607,M205,1,582.37,582.37
Ord608_1,Ord608,M185,4,3263.12,13052.48
Ord608_2,Ord608,M40,3,1792.55,5377.65
Ord608_3,Ord608,M266,4,3411.67,13646.68
Ord609_1,Ord609,M303,2,2217.91,4435.82
Ord609_2,Ord609,M274,4,2729.3,10917.2
Ord609_3,Ord609,M71,1,2566.38,2566.38
Ord610_1,Ord610,M91,2,2629.65,5259.3
Ord610_2,Ord610,M165,4,2807.34,11229.36
Ord611_1,Ord611,M130,1,359.55,359.55
Ord611_2,Ord611,M106,4,3615.69,14462.76
Ord612_1,Ord612,M120,5,1480.45,7402.25
Ord613_1,Ord613,M245,4,3164.09,12656.36
Ord613_2,Ord613,M171,5,1690.73,8453.65
Ord614_1,Ord614,M241,4,4693.88,18775.52
Ord614_2,Ord614,M136,4,571.2,2284.8
Ord615_1,Ord615,M154,5,3831.37,19156.85
Ord615_2,Ord615,M289,3,1280.65,3841.9500000000003
Ord616_1,Ord616,M237,2,4437.18,8874.36
Ord616_2,Ord616,M192,5,4938.81,24694.050000000003
Ord616_3,Ord616,M154,1,3831.37,3831.37
Ord617_1,Ord617,M135,3,1178.42,3535.26
Ord617_2,Ord617,M30,4,2224.12,8896.48
Ord618_1,Ord618,M104,4,1571.91,6287.64
Ord619_1,Ord619,M246,1,1934.19,1934.19
Ord619_2,Ord619,M232,4,1496.7,5986.8
Ord619_3,Ord619,M205,4,582.37,2329.48
Ord620_1,Ord620,M234,2,2078.13,4156.26
Ord620_2,Ord620,M290,4,2730.19,10920.76
Ord620_3,Ord620,M160,3,1954.81,5864.43
Ord621_1,Ord621,M63,4,591.29,2365.16
Ord621_2,Ord621,M202,3,1459.29,4377.87
Ord622_1,Ord622,M212,2,2729.63,5459.26
Ord622_2,Ord622,M270,1,4415.94,4415.94
Ord623_1,Ord623,M26,2,4688.73,9377.46
Ord624_1,Ord624,M25,2,1668.03,3336.06
Ord624_2,Ord624,M190,2,3210.5,6421.0
Ord625_1,Ord625,M139,4,2602.59,10410.36
Ord625_2,Ord625,M288,1,4858.21,4858.21
Ord625_3,Ord625,M169,1,2277.4,2277.4
Ord626_1,Ord626,M50,1,3884.09,3884.09
Ord627_1,Ord627,M130,2,359.55,719.1
Ord628_1,Ord628,M61,4,2533.55,10134.2
Ord628_2,Ord628,M113,1,702.68,702.68
Ord628_3,Ord628,M130,5,359.55,1797.75
Ord629_1,Ord629,M187,4,4509.65,18038.6
Ord630_1,Ord630,M282,2,1043.14,2086.28
Ord631_1,Ord631,M84,1,3554.76,3554.76
Ord631_2,Ord631,M100,5,2802.78,14013.900000000001
Ord631_3,Ord631,M131,5,745.16,3725.7999999999997
Ord632_1,Ord632,M49,2,1253.64,2507.28
Ord632_2,Ord632,M112,4,3991.81,15967.24
Ord633_1,Ord633,M196,1,1180.5,1180.5
Ord633_2,Ord633,M261,4,2791.14,11164.56
Ord633_3,Ord633,M294,5,2831.44,14157.2
Ord634_1,Ord634,M18,1,1401.22,1401.22
Ord634_2,Ord634,M223,1,2784.17,2784.17
Ord634_3,Ord634,M52,5,1439.03,7195.15
Ord635_1,Ord635,M186,2,2024.0,4048.0
Ord635_2,Ord635,M222,1,3014.79,3014.79
Ord636_1,Ord636,M102,2,304.98,609.96
Ord637_1,Ord637,M249,5,3117.42,15587.1
Ord637_2,Ord637,M213,1,4202.04,4202.04
Ord637_3,Ord637,M7,4,926.72,3706.88
Ord638_1,Ord638,M77,1,588.62,588.62
Ord639_1,Ord639,M34,2,665.64,1331.28
Ord639_2,Ord639,M27,5,3612.55,18062.75
Ord640_1,Ord640,M173,2,903.56,1807.12
Ord641_1,Ord641,M96,3,3009.06,9027.18
Ord642_1,Ord642,M177,3,2680.54,8041.62
Ord642_2,Ord642,M192,3,4938.81,14816.43
Ord642_3,Ord642,M51,2,4562.7,9125.4
Ord643_1,Ord643,M108,5,1672.23,8361.15
Ord643_2,Ord643,M137,1,4274.56,4274.56
Ord643_3,Ord643,M17,5,4940.29,24701.45
Ord644_1,Ord644,M60,3,3206.48,9619.44
Ord644_2,Ord644,M175,2,3185.4,6370.8
Ord645_1,Ord645,M112,3,3991.81,11975.43
Ord645_2,Ord645,M308,5,3138.95,15694.75
Ord645_3,Ord645,M74,4,4102.21,16408.84
Ord646_1,Ord646,M260,4,1856.75,7427.0
Ord646_2,Ord646,M293,4,4190.44,16761.76
Ord646_3,Ord646,M299,3,2544.74,7634.219999999999
Ord647_1,Ord647,M280,2,2142.11,4284.22
Ord647_2,Ord647,M217,1,4500.42,4500.42
Ord647_3,Ord647,M24,3,2326.01,6978.030000000001
Ord648_1,Ord648,M42,4,3755.48,15021.92
Ord648_2,Ord648,M57,5,1787.49,8937.45
Ord648_3,Ord648,M252,2,3464.19,6928.38
Ord649_1,Ord649,M61,2,2533.55,5067.1
Ord649_2,Ord649,M196,5,1180.5,5902.5
Ord649_3,Ord649,M246,1,1934.19,1934.19
Ord650_1,Ord650,M265,2,2116.88,4233.76
Ord650_2,Ord650,M239,1,3901.72,3901.72
Ord650_3,Ord650,M158,4,4677.62,18710.48
Ord651_1,Ord651,M236,1,2695.01,2695.01
Ord651_2,Ord651,M128,5,4426.24,22131.199999999997
Ord651_3,Ord651,M122,3,4099.95,12299.849999999999
Ord652_1,Ord652,M265,5,2116.88,10584.400000000001
Ord653_1,Ord653,M166,1,4643.89,4643.89
Ord653_2,Ord653,M148,3,4869.04,14607.119999999999
Ord654_1,Ord654,M29,2,3309.38,6618.76
Ord654_2,Ord654,M309,2,543.05,1086.1
Ord655_1,Ord655,M290,2,2730.19,5460.38
Ord655_2,Ord655,M73,4,3397.78,13591.12
Ord655_3,Ord655,M123,5,3563.39,17816.95
Ord656_1,Ord656,M257,5,630.06,3150.2999999999997
Ord656_2,Ord656,M282,3,1043.14,3129.42
Ord657_1,Ord657,M121,3,4133.1,12399.300000000001
Ord658_1,Ord658,M182,1,2208.14,2208.14
Ord658_2,Ord658,M166,4,4643.89,18575.56
Ord658_3,Ord658,M209,1,777.2,777.2
Ord659_1,Ord659,M110,3,2810.6,8431.8
Ord659_2,Ord659,M119,2,4352.95,8705.9
Ord659_3,Ord659,M169,4,2277.4,9109.6
Ord660_1,Ord660,M74,3,4102.21,12306.630000000001
Ord661_1,Ord661,M131,5,745.16,3725.7999999999997
Ord662_1,Ord662,M238,4,3030.4,12121.6
Ord662_2,Ord662,M268,3,2004.18,6012.54
Ord662_3,Ord662,M49,3,1253.64,3760.92
Ord663_1,Ord663,M144,4,1294.2,5176.8
Ord663_2,Ord663,M310,3,610.89,1832.67
Ord664_1,Ord664,M127,4,2751.93,11007.72
Ord664_2,Ord664,M238,1,3030.4,3030.4
Ord664_3,Ord664,M124,3,3168.82,9506.460000000001
Ord665_1,Ord665,M234,3,2078.13,6234.39
Ord666_1,Ord666,M189,4,2473.02,9892.08
Ord666_2,Ord666,M304,4,778.06,3112.24
Ord667_1,Ord667,M35,2,930.63,1861.26
Ord667_2,Ord667,M46,5,2631.74,13158.699999999999
Ord667_3,Ord667,M23,2,1613.28,3226.56
Ord668_1,Ord668,M96,3,3009.06,9027.18
Ord668_2,Ord668,M142,1,1475.66,1475.66
Ord669_1,Ord669,M8,5,2390.23,11951.15
Ord669_2,Ord669,M263,5,3473.57,17367.850000000002
Ord670_1,Ord670,M212,2,2729.63,5459.26
Ord670_2,Ord670,M28,5,969.65,4848.25
Ord670_3,Ord670,M143,3,3214.42,9643.26
Ord671_1,Ord671,M238,3,3030.4,9091.2
Ord672_1,Ord672,M271,4,3552.61,14210.44
Ord672_2,Ord672,M17,3,4940.29,14820.869999999999
Ord673_1,Ord673,M90,1,2624.8,2624.8
Ord673_2,Ord673,M100,1,2802.78,2802.78
Ord674_1,Ord674,M60,4,3206.48,12825.92
Ord674_2,Ord674,M173,3,903.56,2710.68
Ord674_3,Ord674,M108,2,1672.23,3344.46
Ord675_1,Ord675,M217,1,4500.42,4500.42
Ord676_1,Ord676,M9,1,2315.05,2315.05
Ord676_2,Ord676,M119,2,4352.95,8705.9
Ord676_3,Ord676,M104,5,1571.91,7859.55
Ord677_1,Ord677,M225,1,2155.92,2155.92
Ord678_1,Ord678,M91,4,2629.65,10518.6
Ord678_2,Ord678,M184,4,2456.82,9827.28
Ord678_3,Ord678,M273,5,2763.42,13817.1
Ord679_1,Ord679,M65,4,1888.66,7554.64
Ord679_2,Ord679,M74,2,4102.21,8204.42
Ord680_1,Ord680,M36,4,2956.37,11825.48
Ord680_2,Ord680,M270,5,4415.94,22079.699999999997
Ord680_3,Ord680,M162,3,3367.88,10103.64
Ord681_1,Ord681,M249,4,3117.42,12469.68
Ord682_1,Ord682,M295,3,338.29,1014.8700000000001
Ord683_1,Ord683,M45,2,4696.07,9392.14
Ord683_2,Ord683,M193,5,2629.41,13147.05
Ord684_1,Ord684,M21,3,2522.6,7567.799999999999
Ord684_2,Ord684,M63,1,591.29,591.29
Ord684_3,Ord684,M44,5,3116.32,15581.6
Ord685_1,Ord685,M142,5,1475.66,7378.3
Ord685_2,Ord685,M93,5,2565.39,12826.949999999999
Ord686_1,Ord686,M289,5,1280.65,6403.25
Ord686_2,Ord686,M208,1,1460.67,1460.67
Ord686_3,Ord686,M137,3,4274.56,12823.68
Ord687_1,Ord687,M66,3,3193.09,9579.27
Ord688_1,Ord688,M152,1,544.29,544.29
Ord688_2,Ord688,M193,3,2629.41,7888.23
Ord688_3,Ord688,M156,3,744.26,2232.7799999999997
Ord689_1,Ord689,M158,1,4677.62,4677.62
Ord690_1,Ord690,M199,2,4399.85,8799.7
Ord691_1,Ord691,M163,3,2211.19,6633.57
Ord691_2,Ord691,M272,3,2990.09,8970.27
Ord692_1,Ord692,M299,4,2544.74,10178.96
Ord692_2,Ord692,M60,1,3206.48,3206.48
Ord693_1,Ord693,M275,2,3117.86,6235.72
Ord693_2,Ord693,M248,3,534.2,1602.6000000000001
Ord694_1,Ord694,M37,1,2235.46,2235.46
Ord694_2,Ord694,M36,2,2956.37,5912.74
Ord694_3,Ord694,M142,2,1475.66,2951.32
Ord695_1,Ord695,M78,4,4857.3,19429.2
Ord695_2,Ord695,M152,4,544.29,2177.16
Ord696_1,Ord696,M45,3,4696.07,14088.21
Ord696_2,Ord696,M127,1,2751.93,2751.93
Ord697_1,Ord697,M61,2,2533.55,5067.1
Ord698_1,Ord698,M178,2,3542.8,7085.6
Ord698_2,Ord698,M189,2,2473.02,4946.04
Ord699_1,Ord699,M263,3,3473.57,10420.710000000001
Ord699_2,Ord699,M15,1,804.84,804.84
Ord700_1,Ord700,M275,2,3117.86,6235.72
Ord700_2,Ord700,M78,1,4857.3,4857.3
Ord701_1,Ord701,M242,1,2139.12,2139.12
Ord701_2,Ord701,M59,4,2842.94,11371.76
Ord701_3,Ord701,M88,4,4380.74,17522.96
Ord702_1,Ord702,M72,1,3290.08,3290.08
Ord702_2,Ord702,M241,3,4693.88,14081.64
Ord703_1,Ord703,M238,1,3030.4,3030.4
Ord704_1,Ord704,M47,1,4902.45,4902.45
Ord704_2,Ord704,M169,4,2277.4,9109.6
Ord704_3,Ord704,M48,5,1260.55,6302.75
Ord705_1,Ord705,M263,2,3473.57,6947.14
Ord706_1,Ord706,M9,1,2315.05,2315.05
Ord706_2,Ord706,M288,3,4858.21,14574.630000000001
Ord707_1,Ord707,M193,3,2629.41,7888.23
Ord707_2,Ord707,M286,4,3127.58,12510.32
Ord708_1,Ord708,M257,1,630.06,630.06
Ord708_2,Ord708,M215,3,2714.81,8144.43
Ord708_3,Ord708,M145,5,1199.55,5997.75
Ord709_1,Ord709,M29,3,3309.38,9928.14
Ord710_1,Ord710,M186,5,2024.0,10120.0
Ord710_2,Ord710,M302,1,4641.17,4641.17
Ord711_1,Ord711,M156,1,744.26,744.26
Ord712_1,Ord712,M162,2,3367.88,6735.76
Ord713_1,Ord713,M273,4,2763.42,11053.68
Ord714_1,Ord714,M77,5,588.62,2943.1
Ord714_2,Ord714,M231,1,986.67,986.67
Ord714_3,Ord714,M159,3,3482.84,10448.52
Ord715_1,Ord715,M247,2,1185.03,2370.06
Ord715_2,Ord715,M117,5,2702.54,13512.7
Ord715_3,Ord715,M137,2,4274.56,8549.12
Ord716_1,Ord716,M37,5,2235.46,11177.3
Ord716_2,Ord716,M181,2,1430.81,2861.62
Ord716_3,Ord716,M196,5,1180.5,5902.5
Ord717_1,Ord717,M33,1,4315.55,4315.55
Ord718_1,Ord718,M39,1,2559.5,2559.5
Ord718_2,Ord718,M128,4,4426.24,17704.96
Ord719_1,Ord719,M80,2,3786.51,7573.02
Ord720_1,Ord720,M13,4,4797.87,19191.48
Ord720_2,Ord720,M57,4,1787.49,7149.96
Ord720_3,Ord720,M296,1,406.01,406.01
Ord721_1,Ord721,M192,5,4938.81,24694.050000000003
Ord722_1,Ord722,M305,3,1665.73,4997.1900000000005
Ord722_2,Ord722,M265,1,2116.88,2116.88
Ord722_3,Ord722,M274,3,2729.3,8187.900000000001
Ord723_1,Ord723,M46,1,2631.74,2631.74
Ord724_1,Ord724,M186,5,2024.0,10120.0
Ord724_2,Ord724,M227,5,427.42,2137.1
Ord724_3,Ord724,M292,5,299.83,1499.1499999999999
Ord725_1,Ord725,M223,5,2784.17,13920.85
Ord725_2,Ord725,M286,1,3127.58,3127.58
Ord725_3,Ord725,M178,2,3542.8,7085.6
Ord726_1,Ord726,M192,4,4938.81,19755.24
Ord726_2,Ord726,M229,5,2646.21,13231.05
Ord727_1,Ord727,M295,4,338.29,1353.16
Ord727_2,Ord727,M221,4,2272.8,9091.2
Ord727_3,Ord727,M34,4,665.64,2662.56
Ord728_1,Ord728,M309,5,543.05,2715.25
Ord728_2,Ord728,M162,4,3367.88,13471.52
Ord729_1,Ord729,M151,2,4839.28,9678.56
Ord729_2,Ord729,M298,4,3566.26,14265.04
Ord730_1,Ord730,M172,4,4642.83,18571.32
Ord731_1,Ord731,M282,5,1043.14,5215.700000000001
Ord731_2,Ord731,M218,3,1883.67,5651.01
Ord731_3,Ord731,M179,2,898.6,1797.2
Ord732_1,Ord732,M118,2,2273.36,4546.72
Ord733_1,Ord733,M158,3,4677.62,14032.86
Ord733_2,Ord733,M64,1,3061.94,3061.94
Ord733_3,Ord733,M181,2,1430.81,2861.62
Ord734_1,Ord734,M210,4,1354.9,5419.6
Ord734_2,Ord734,M69,1,3787.92,3787.92
Ord735_1,Ord735,M206,4,4577.08,18308.32
Ord735_2,Ord735,M229,4,2646.21,10584.84
Ord736_1,Ord736,M53,5,2019.26,10096.3
Ord736_2,Ord736,M212,3,2729.63,8188.89
Ord737_1,Ord737,M83,5,341.64,1708.1999999999998
Ord737_2,Ord737,M13,4,4797.87,19191.48
Ord737_3,Ord737,M59,4,2842.94,11371.76
Ord738_1,Ord738,M83,5,341.64,1708.1999999999998
Ord738_2,Ord738,M296,3,406.01,1218.03
Ord739_1,Ord739,M255,1,1348.37,1348.37
Ord740_1,Ord740,M122,5,4099.95,20499.75
Ord740_2,Ord740,M178,2,3542.8,7085.6
Ord740_3,Ord740,M96,3,3009.06,9027.18
Ord741_1,Ord741,M8,4,2390.23,9560.92
Ord742_1,Ord742,M240,2,3607.06,7214.12
Ord742_2,Ord742,M273,5,2763.42,13817.1
Ord742_3,Ord742,M73,5,3397.78,16988.9
Ord743_1,Ord743,M117,4,2702.54,10810.16
Ord744_1,Ord744,M238,5,3030.4,15152.0
Ord744_2,Ord744,M269,3,3267.61,9802.83
Ord745_1,Ord745,M294,4,2831.44,11325.76
Ord745_2,Ord745,M22,5,1849.9,9249.5
Ord746_1,Ord746,M195,5,1215.67,6078.35
Ord746_2,Ord746,M143,2,3214.42,6428.84
Ord747_1,Ord747,M296,2,406.01,812.02
Ord747_2,Ord747,M249,3,3117.42,9352.26
Ord748_1,Ord748,M224,4,4607.35,18429.4
Ord748_2,Ord748,M303,3,2217.91,6653.73
Ord748_3,Ord748,M244,4,3520.17,14080.68
Ord749_1,Ord749,M291,3,2673.42,8020.26
Ord750_1,Ord750,M139,1,2602.59,2602.59
Ord750_2,Ord750,M54,3,1191.42,3574.26
Ord750_3,Ord750,M123,1,3563.39,3563.39
Ord751_1,Ord751,M72,5,3290.08,16450.4
Ord751_2,Ord751,M1,1,2540.83,2540.83
Ord751_3,Ord751,M306,3,4565.85,13697.550000000001
Ord752_1,Ord752,M265,2,2116.88,4233.76
Ord752_2,Ord752,M278,2,4639.92,9279.84
Ord752_3,Ord752,M42,2,3755.48,7510.96
Ord753_1,Ord753,M202,1,1459.29,1459.29
Ord753_2,Ord753,M233,5,1822.13,9110.650000000001
Ord753_3,Ord753,M125,3,4695.44,14086.32
Ord754_1,Ord754,M124,3,3168.82,9506.460000000001
Ord754_2,Ord754,M191,3,465.13,1395.3899999999999
Ord754_3,Ord754,M295,3,338.29,1014.8700000000001
Ord755_1,Ord755,M250,4,3733.01,14932.04
Ord755_2,Ord755,M55,1,2809.75,2809.75
Ord756_1,Ord756,M229,3,2646.21,7938.63
Ord757_1,Ord757,M215,1,2714.81,2714.81
Ord757_2,Ord757,M184,1,2456.82,2456.82
Ord758_1,Ord758,M84,4,3554.76,14219.04
Ord758_2,Ord758,M203,1,4546.03,4546.03
Ord759_1,Ord759,M160,5,1954.81,9774.05
Ord760_1,Ord760,M207,4,2229.73,8918.92
Ord760_2,Ord760,M123,2,3563.39,7126.78
Ord760_3,Ord760,M72,4,3290.08,13160.32
Ord761_1,Ord761,M130,3,359.55,1078.65
Ord761_2,Ord761,M150,4,1061.83,4247.32
Ord761_3,Ord761,M180,4,726.33,2905.32
Ord762_1,Ord762,M17,1,4940.29,4940.29
Ord763_1,Ord763,M206,1,4577.08,4577.08
Ord763_2,Ord763,M45,5,4696.07,23480.35
Ord763_3,Ord763,M288,5,4858.21,24291.05
Ord764_1,Ord764,M139,5,2602.59,13012.95
Ord764_2,Ord764,M58,5,2917.51,14587.550000000001
Ord765_1,Ord765,M69,5,3787.92,18939.6
Ord765_2,Ord765,M215,2,2714.81,5429.62
Ord766_1,Ord766,M266,3,3411.67,10235.01
Ord766_2,Ord766,M213,5,4202.04,21010.2
Ord767_1,Ord767,M70,2,314.94,629.88
Ord768_1,Ord768,M33,3,4315.55,12946.650000000001
Ord768_2,Ord768,M285,4,3301.29,13205.16
Ord768_3,Ord768,M221,2,2272.8,4545.6
Ord769_1,Ord769,M5,3,4802.53,14407.59
Ord770_1,Ord770,M74,4,4102.21,16408.84
Ord770_2,Ord770,M195,1,1215.67,1215.67
Ord771_1,Ord771,M256,3,657.51,1972.53
Ord771_2,Ord771,M111,4,4942.6,19770.4
Ord771_3,Ord771,M159,4,3482.84,13931.36
Ord772_1,Ord772,M260,5,1856.75,9283.75
Ord773_1,Ord773,M36,4,2956.37,11825.48
Ord774_1,Ord774,M15,1,804.84,804.84
Ord775_1,Ord775,M209,4,777.2,3108.8
Ord775_2,Ord775,M269,3,3267.61,9802.83
Ord776_1,Ord776,M49,1,1253.64,1253.64
Ord776_2,Ord776,M19,5,3291.16,16455.8
Ord777_1,Ord777,M96,3,3009.06,9027.18
Ord778_1,Ord778,M108,5,1672.23,8361.15
Ord779_1,Ord779,M274,1,2729.3,2729.3
Ord779_2,Ord779,M212,4,2729.63,10918.52
Ord780_1,Ord780,M221,3,2272.8,6818.400000000001
Ord780_2,Ord780,M34,2,665.64,1331.28
Ord781_1,Ord781,M271,2,3552.61,7105.22
Ord782_1,Ord782,M201,2,1388.83,2777.66
Ord782_2,Ord782,M146,1,663.66,663.66
Ord782_3,Ord782,M174,4,3563.12,14252.48
Ord783_1,Ord783,M43,2,1238.41,2476.82
Ord783_2,Ord783,M125,2,4695.44,9390.88
Ord783_3,Ord783,M81,5,1262.51,6312.55
Ord784_1,Ord784,M180,1,726.33,726.33
Ord784_2,Ord784,M7,2,926.72,1853.44
Ord785_1,Ord785,M263,3,3473.57,10420.710000000001
Ord785_2,Ord785,M256,4,657.51,2630.04
Ord786_1,Ord786,M173,1,903.56,903.56
Ord787_1,Ord787,M201,5,1388.83,6944.15
Ord788_1,Ord788,M65,4,1888.66,7554.64
Ord789_1,Ord789,M303,3,2217.91,6653.73
Ord789_2,Ord789,M24,5,2326.01,11630.050000000001
Ord789_3,Ord789,M175,5,3185.4,15927.0
Ord790_1,Ord790,M109,5,531.7,2658.5
Ord790_2,Ord790,M86,3,4419.4,13258.199999999999
Ord790_3,Ord790,M154,5,3831.37,19156.85
Ord791_1,Ord791,M63,1,591.29,591.29
Ord791_2,Ord791,M285,2,3301.29,6602.58
Ord792_1,Ord792,M303,5,2217.91,11089.55
Ord793_1,Ord793,M82,5,2257.02,11285.1
Ord793_2,Ord793,M112,2,3991.81,7983.62
Ord794_1,Ord794,M52,1,1439.03,1439.03
Ord794_2,Ord794,M132,4,818.08,3272.32
Ord795_1,Ord795,M268,4,2004.18,8016.72
Ord796_1,Ord796,M156,2,744.26,1488.52
Ord796_2,Ord796,M165,3,2807.34,8422.02
Ord797_1,Ord797,M89,1,4072.73,4072.73
Ord797_2,Ord797,M189,4,2473.02,9892.08
Ord798_1,Ord798,M208,2,1460.67,2921.34
Ord798_2,Ord798,M194,4,4303.37,17213.48
Ord798_3,Ord798,M162,5,3367.88,16839.4
Ord799_1,Ord799,M65,5,1888.66,9443.300000000001
Ord799_2,Ord799,M79,1,3376.15,3376.15
Ord799_3,Ord799,M124,1,3168.82,3168.82
Ord800_1,Ord800,M84,5,3554.76,17773.800000000003
Ord801_1,Ord801,M297,3,3121.39,9364.17
Ord801_2,Ord801,M70,1,314.94,314.94
Ord802_1,Ord802,M4,5,3085.54,15427.7
Ord803_1,Ord803,M33,1,4315.55,4315.55
Ord804_1,Ord804,M213,2,4202.04,8404.08
Ord804_2,Ord804,M237,4,4437.18,17748.72
Ord804_3,Ord804,M14,1,4192.78,4192.78
Ord805_1,Ord805,M81,4,1262.51,5050.04
Ord805_2,Ord805,M97,5,3925.27,19626.35
Ord805_3,Ord805,M39,4,2559.5,10238.0
Ord806_1,Ord806,M109,5,531.7,2658.5
Ord806_2,Ord806,M78,5,4857.3,24286.5
Ord807_1,Ord807,M13,5,4797.87,23989.35
Ord807_2,Ord807,M188,5,995.47,4977.35
Ord807_3,Ord807,M191,2,465.13,930.26
Ord808_1,Ord808,M215,2,2714.81,5429.62
Ord808_2,Ord808,M140,3,525.01,1575.03
Ord808_3,Ord808,M305,1,1665.73,1665.73
Ord809_1,Ord809,M209,3,777.2,2331.6000000000004
Ord810_1,Ord810,M206,1,4577.08,4577.08
Ord810_2,Ord810,M297,1,3121.39,3121.39
Ord810_3,Ord810,M261,2,2791.14,5582.28
Ord811_1,Ord811,M12,4,4395.63,17582.52
Ord811_2,Ord811,M33,2,4315.55,8631.1
Ord811_3,Ord811,M179,4,898.6,3594.4
Ord812_1,Ord812,M70,3,314.94,944.8199999999999
Ord813_1,Ord813,M244,3,3520.17,10560.51
Ord814_1,Ord814,M10,1,298.47,298.47
Ord814_2,Ord814,M301,2,2000.08,4000.16
Ord814_3,Ord814,M155,1,4330.76,4330.76
Ord815_1,Ord815,M191,5,465.13,2325.65
Ord816_1,Ord816,M145,5,1199.55,5997.75
Ord817_1,Ord817,M137,2,4274.56,8549.12
Ord818_1,Ord818,M149,2,4401.16,8802.32
Ord818_2,Ord818,M213,1,4202.04,4202.04
Ord819_1,Ord819,M86,3,4419.4,13258.199999999999
Ord820_1,Ord820,M13,3,4797.87,14393.61
Ord820_2,Ord820,M136,2,571.2,1142.4
Ord820_3,Ord820,M128,3,4426.24,13278.72
Ord821_1,Ord821,M63,4,591.29,2365.16
Ord821_2,Ord821,M16,1,4743.6,4743.6
Ord821_3,Ord821,M26,4,4688.73,18754.92
Ord822_1,Ord822,M278,5,4639.92,23199.6
Ord822_2,Ord822,M272,5,2990.09,14950.45
Ord822_3,Ord822,M15,5,804.84,4024.2000000000003
Ord823_1,Ord823,M76,1,4199.34,4199.34
Ord823_2,Ord823,M308,4,3138.95,12555.8
Ord824_1,Ord824,M300,4,3881.59,15526.36
Ord824_2,Ord824,M219,5,1737.63,8688.150000000001
Ord825_1,Ord825,M114,5,4969.39,24846.95
Ord825_2,Ord825,M172,5,4642.83,23214.15
Ord826_1,Ord826,M266,1,3411.67,3411.67
Ord826_2,Ord826,M36,2,2956.37,5912.74
Ord827_1,Ord827,M25,2,1668.03,3336.06
Ord827_2,Ord827,M155,2,4330.76,8661.52
Ord827_3,Ord827,M182,2,2208.14,4416.28
Ord828_1,Ord828,M146,5,663.66,3318.2999999999997
Ord828_2,Ord828,M229,3,2646.21,7938.63
Ord828_3,Ord828,M17,4,4940.29,19761.16
Ord829_1,Ord829,M188,1,995.47,995.47
Ord829_2,Ord829,M119,2,4352.95,8705.9
Ord830_1,Ord830,M142,3,1475.66,4426.9800000000005
Ord831_1,Ord831,M76,1,4199.34,4199.34
Ord832_1,Ord832,M106,2,3615.69,7231.38
Ord832_2,Ord832,M17,3,4940.29,14820.869999999999
Ord832_3,Ord832,M241,2,4693.88,9387.76
Ord833_1,Ord833,M40,4,1792.55,7170.2
Ord834_1,Ord834,M115,2,3668.89,7337.78
Ord834_2,Ord834,M261,5,2791.14,13955.699999999999
Ord835_1,Ord835,M302,1,4641.17,4641.17
Ord835_2,Ord835,M227,3,427.42,1282.26
Ord836_1,Ord836,M124,3,3168.82,9506.460000000001
Ord836_2,Ord836,M111,4,4942.6,19770.4
Ord837_1,Ord837,M199,4,4399.85,17599.4
Ord838_1,Ord838,M82,3,2257.02,6771.0599999999995
Ord838_2,Ord838,M72,4,3290.08,13160.32
Ord839_1,Ord839,M253,2,4744.09,9488.18
Ord839_2,Ord839,M44,3,3116.32,9348.960000000001
Ord840_1,Ord840,M64,5,3061.94,15309.7
Ord840_2,Ord840,M13,2,4797.87,9595.74
Ord841_1,Ord841,M109,4,531.7,2126.8
Ord841_2,Ord841,M296,3,406.01,1218.03
Ord842_1,Ord842,M287,5,1675.19,8375.95
Ord842_2,Ord842,M293,1,4190.44,4190.44
Ord842_3,Ord842,M144,5,1294.2,6471.0
Ord843_1,Ord843,M154,5,3831.37,19156.85
Ord844_1,Ord844,M173,2,903.56,1807.12
Ord844_2,Ord844,M111,5,4942.6,24713.0
Ord845_1,Ord845,M135,5,1178.42,5892.1
Ord846_1,Ord846,M254,1,4247.58,4247.58
Ord847_1,Ord847,M8,4,2390.23,9560.92
Ord848_1,Ord848,M52,2,1439.03,2878.06
Ord849_1,Ord849,M253,3,4744.09,14232.27
Ord849_2,Ord849,M257,5,630.06,3150.2999999999997
Ord849_3,Ord849,M277,3,3168.0,9504.0
Ord850_1,Ord850,M57,5,1787.49,8937.45
Ord850_2,Ord850,M194,5,4303.37,21516.85
Ord851_1,Ord851,M71,1,2566.38,2566.38
Ord851_2,Ord851,M175,5,3185.4,15927.0
Ord852_1,Ord852,M143,3,3214.42,9643.26
Ord852_2,Ord852,M211,1,670.42,670.42
Ord853_1,Ord853,M120,1,1480.45,1480.45
Ord853_2,Ord853,M296,1,406.01,406.01
Ord854_1,Ord854,M117,1,2702.54,2702.54
Ord854_2,Ord854,M211,5,670.42,3352.1
Ord855_1,Ord855,M140,2,525.01,1050.02
Ord856_1,Ord856,M308,5,3138.95,15694.75
Ord856_2,Ord856,M254,5,4247.58,21237.9
Ord856_3,Ord856,M299,2,2544.74,5089.48
Ord857_1,Ord857,M227,5,427.42,2137.1
Ord858_1,Ord858,M187,5,4509.65,22548.25
Ord858_2,Ord858,M85,3,2634.75,7904.25
Ord859_1,Ord859,M165,4,2807.34,11229.36
Ord859_2,Ord859,M187,3,4509.65,13528.949999999999
Ord859_3,Ord859,M115,5,3668.89,18344.45
Ord860_1,Ord860,M283,5,4915.94,24579.699999999997
Ord860_2,Ord860,M281,5,1995.07,9975.35
Ord860_3,Ord860,M284,5,2049.43,10247.15
Ord861_1,Ord861,M223,4,2784.17,11136.68
Ord861_2,Ord861,M162,2,3367.88,6735.76
Ord861_3,Ord861,M296,2,406.01,812.02
Ord862_1,Ord862,M14,3,4192.78,12578.34
Ord863_1,Ord863,M51,2,4562.7,9125.4
Ord863_2,Ord863,M84,4,3554.76,14219.04
Ord864_1,Ord864,M203,1,4546.03,4546.03
Ord864_2,Ord864,M269,1,3267.61,3267.61
Ord865_1,Ord865,M70,3,314.94,944.8199999999999
Ord866_1,Ord866,M93,5,2565.39,12826.949999999999
Ord867_1,Ord867,M100,3,2802.78,8408.34
Ord868_1,Ord868,M219,4,1737.63,6950.52
Ord868_2,Ord868,M262,4,2096.85,8387.4
Ord868_3,Ord868,M111,3,4942.6,14827.800000000001
Ord869_1,Ord869,M181,2,1430.81,2861.62
Ord869_2,Ord869,M217,4,4500.42,18001.68
Ord869_3,Ord869,M16,1,4743.6,4743.6
Ord870_1,Ord870,M181,5,1430.81,7154.049999999999
Ord871_1,Ord871,M90,1,2624.8,2624.8
Ord872_1,Ord872,M258,5,3493.2,17466.0
Ord872_2,Ord872,M191,1,465.13,465.13
Ord872_3,Ord872,M281,1,1995.07,1995.07
Ord873_1,Ord873,M91,1,2629.65,2629.65
Ord873_2,Ord873,M250,3,3733.01,11199.03
Ord874_1,Ord874,M23,5,1613.28,8066.4
Ord875_1,Ord875,M31,5,1741.88,8709.400000000001
Ord875_2,Ord875,M41,4,3020.12,12080.48
Ord876_1,Ord876,M302,2,4641.17,9282.34
Ord876_2,Ord876,M229,2,2646.21,5292.42
Ord877_1,Ord877,M50,3,3884.09,11652.27
Ord877_2,Ord877,M214,2,4546.13,9092.26
Ord878_1,Ord878,M42,3,3755.48,11266.44
Ord878_2,Ord878,M12,1,4395.63,4395.63
Ord878_3,Ord878,M157,4,974.83,3899.32
Ord879_1,Ord879,M272,1,2990.09,2990.09
Ord879_2,Ord879,M60,4,3206.48,12825.92
Ord880_1,Ord880,M192,2,4938.81,9877.62
Ord880_2,Ord880,M301,3,2000.08,6000.24
Ord880_3,Ord880,M154,1,3831.37,3831.37
Ord881_1,Ord881,M282,1,1043.14,1043.14
Ord881_2,Ord881,M52,5,1439.03,7195.15
Ord882_1,Ord882,M33,2,4315.55,8631.1
Ord882_2,Ord882,M80,4,3786.51,15146.04
Ord882_3,Ord882,M123,2,3563.39,7126.78
Ord883_1,Ord883,M264,2,1262.67,2525.34
Ord883_2,Ord883,M44,3,3116.32,9348.960000000001
Ord883_3,Ord883,M55,5,2809.75,14048.75
Ord884_1,Ord884,M132,4,818.08,3272.32
Ord884_2,Ord884,M44,2,3116.32,6232.64
Ord884_3,Ord884,M30,1,2224.12,2224.12
Ord885_1,Ord885,M2,4,2576.74,10306.96
Ord885_2,Ord885,M274,4,2729.3,10917.2
Ord886_1,Ord886,M83,1,341.64,341.64
Ord886_2,Ord886,M154,4,3831.37,15325.48
Ord887_1,Ord887,M136,3,571.2,1713.6000000000001
Ord888_1,Ord888,M42,4,3755.48,15021.92
Ord889_1,Ord889,M16,1,4743.6,4743.6
Ord889_2,Ord889,M45,1,4696.07,4696.07
Ord890_1,Ord890,M289,1,1280.65,1280.65
Ord891_1,Ord891,M84,5,3554.76,17773.800000000003
Ord891_2,Ord891,M27,1,3612.55,3612.55
Ord892_1,Ord892,M72,5,3290.08,16450.4
Ord892_2,Ord892,M97,2,3925.27,7850.54
Ord893_1,Ord893,M36,4,2956.37,11825.48
Ord894_1,Ord894,M243,1,1067.92,1067.92
Ord894_2,Ord894,M174,4,3563.12,14252.48
Ord895_1,Ord895,M276,4,1659.19,6636.76
Ord895_2,Ord895,M119,2,4352.95,8705.9
Ord896_1,Ord896,M31,5,1741.88,8709.400000000001
Ord896_2,Ord896,M252,5,3464.19,17320.95
Ord896_3,Ord896,M309,3,543.05,1629.1499999999999
Ord897_1,Ord897,M64,3,3061.94,9185.82
Ord898_1,Ord898,M29,1,3309.38,3309.38
Ord898_2,Ord898,M150,5,1061.83,5309.15
Ord899_1,Ord899,M267,4,2777.22,11108.88
Ord899_2,Ord899,M226,3,4602.85,13808.550000000001
Ord899_3,Ord899,M249,2,3117.42,6234.84
Ord900_1,Ord900,M210,4,1354.9,5419.6
Ord900_2,Ord900,M268,1,2004.18,2004.18
Ord900_3,Ord900,M32,2,348.43,696.86
Ord901_1,Ord901,M210,5,1354.9,6774.5
Ord901_2,Ord901,M106,5,3615.69,18078.45
Ord901_3,Ord901,M142,1,1475.66,1475.66
Ord902_1,Ord902,M163,5,2211.19,11055.95
Ord902_2,Ord902,M110,2,2810.6,5621.2
Ord902_3,Ord902,M151,5,4839.28,24196.399999999998
Ord903_1,Ord903,M237,2,4437.18,8874.36
Ord904_1,Ord904,M78,4,4857.3,19429.2
Ord904_2,Ord904,M27,1,3612.55,3612.55
Ord904_3,Ord904,M98,5,4405.92,22029.6
Ord905_1,Ord905,M35,5,930.63,4653.15
Ord906_1,Ord906,M289,3,1280.65,3841.9500000000003
Ord906_2,Ord906,M41,3,3020.12,9060.36
Ord906_3,Ord906,M95,5,4513.56,22567.800000000003
Ord907_1,Ord907,M115,4,3668.89,14675.56
Ord907_2,Ord907,M81,1,1262.51,1262.51
Ord907_3,Ord907,M136,4,571.2,2284.8
Ord908_1,Ord908,M288,3,4858.21,14574.630000000001
Ord909_1,Ord909,M22,4,1849.9,7399.6
Ord909_2,Ord909,M211,2,670.42,1340.84
Ord909_3,Ord909,M286,3,3127.58,9382.74
Ord910_1,Ord910,M252,1,3464.19,3464.19
Ord910_2,Ord910,M274,1,2729.3,2729.3
Ord910_3,Ord910,M42,4,3755.48,15021.92
Ord911_1,Ord911,M162,1,3367.88,3367.88
Ord911_2,Ord911,M265,3,2116.88,6350.64
Ord912_1,Ord912,M288,1,4858.21,4858.21
Ord913_1,Ord913,M211,1,670.42,670.42
Ord913_2,Ord913,M98,3,4405.92,13217.76
Ord913_3,Ord913,M22,4,1849.9,7399.6
Ord914_1,Ord914,M262,3,2096.85,6290.549999999999
Ord914_2,Ord914,M190,5,3210.5,16052.5
Ord914_3,Ord914,M116,3,2291.81,6875.43
Ord915_1,Ord915,M192,4,4938.81,19755.24
Ord915_2,Ord915,M4,3,3085.54,9256.619999999999
Ord915_3,Ord915,M127,2,2751.93,5503.86
Ord916_1,Ord916,M281,4,1995.07,7980.28
Ord917_1,Ord917,M134,4,4888.95,19555.8
Ord917_2,Ord917,M64,2,3061.94,6123.88
Ord918_1,Ord918,M289,5,1280.65,6403.25
Ord918_2,Ord918,M166,3,4643.89,13931.670000000002
Ord919_1,Ord919,M219,1,1737.63,1737.63
Ord919_2,Ord919,M60,2,3206.48,6412.96
Ord920_1,Ord920,M266,4,3411.67,13646.68
Ord920_2,Ord920,M23,4,1613.28,6453.12
Ord921_1,Ord921,M240,3,3607.06,10821.18
Ord922_1,Ord922,M50,5,3884.09,19420.45
Ord922_2,Ord922,M99,5,369.28,1846.3999999999999
Ord922_3,Ord922,M304,5,778.06,3890.2999999999997
Ord923_1,Ord923,M251,2,1120.88,2241.76
Ord923_2,Ord923,M84,3,3554.76,10664.28
Ord923_3,Ord923,M185,1,3263.12,3263.12
Ord924_1,Ord924,M27,5,3612.55,18062.75
Ord924_2,Ord924,M2,2,2576.74,5153.48
Ord925_1,Ord925,M292,2,299.83,599.66
Ord925_2,Ord925,M168,1,4769.21,4769.21
Ord925_3,Ord925,M234,2,2078.13,4156.26
Ord926_1,Ord926,M248,3,534.2,1602.6000000000001
Ord927_1,Ord927,M274,5,2729.3,13646.5
Ord928_1,Ord928,M302,4,4641.17,18564.68
Ord929_1,Ord929,M299,5,2544.74,12723.699999999999
Ord930_1,Ord930,M274,4,2729.3,10917.2
Ord930_2,Ord930,M181,3,1430.81,4292.43
Ord930_3,Ord930,M163,4,2211.19,8844.76
Ord931_1,Ord931,M208,1,1460.67,1460.67
Ord931_2,Ord931,M130,4,359.55,1438.2
Ord932_1,Ord932,M205,3,582.37,1747.1100000000001
Ord932_2,Ord932,M280,5,2142.11,10710.550000000001
Ord932_3,Ord932,M147,1,3450.87,3450.87
Ord933_1,Ord933,M215,3,2714.81,8144.43
Ord933_2,Ord933,M280,2,2142.11,4284.22
Ord933_3,Ord933,M43,3,1238.41,3715.2300000000005
Ord934_1,Ord934,M285,3,3301.29,9903.869999999999
Ord934_2,Ord934,M238,3,3030.4,9091.2
Ord934_3,Ord934,M42,5,3755.48,18777.4
Ord935_1,Ord935,M203,1,4546.03,4546.03
Ord935_2,Ord935,M157,5,974.83,4874.150000000001
Ord935_3,Ord935,M291,4,2673.42,10693.68
Ord936_1,Ord936,M96,2,3009.06,6018.12
Ord936_2,Ord936,M174,3,3563.12,10689.36
Ord936_3,Ord936,M175,2,3185.4,6370.8
Ord937_1,Ord937,M288,5,4858.21,24291.05
Ord938_1,Ord938,M103,5,456.7,2283.5
Ord938_2,Ord938,M173,2,903.56,1807.12
Ord938_3,Ord938,M4,3,3085.54,9256.619999999999
Ord939_1,Ord939,M199,3,4399.85,13199.550000000001
Ord940_1,Ord940,M305,5,1665.73,8328.65
Ord941_1,Ord941,M151,3,4839.28,14517.84
Ord942_1,Ord942,M86,5,4419.4,22097.0
Ord942_2,Ord942,M183,2,3999.32,7998.64
Ord943_1,Ord943,M143,2,3214.42,6428.84
Ord943_2,Ord943,M280,4,2142.11,8568.44
Ord944_1,Ord944,M180,5,726.33,3631.65
Ord944_2,Ord944,M41,4,3020.12,12080.48
Ord945_1,Ord945,M239,1,3901.72,3901.72
Ord946_1,Ord946,M278,3,4639.92,13919.76
Ord946_2,Ord946,M249,2,3117.42,6234.84
Ord947_1,Ord947,M289,4,1280.65,5122.6
Ord947_2,Ord947,M192,4,4938.81,19755.24
Ord948_1,Ord948,M223,5,2784.17,13920.85
Ord948_2,Ord948,M295,4,338.29,1353.16
Ord949_1,Ord949,M308,2,3138.95,6277.9
Ord949_2,Ord949,M301,1,2000.08,2000.08
Ord949_3,Ord949,M171,5,1690.73,8453.65
Ord950_1,Ord950,M224,5,4607.35,23036.75
Ord950_2,Ord950,M95,1,4513.56,4513.56
Ord951_1,Ord951,M108,5,1672.23,8361.15
Ord952_1,Ord952,M251,3,1120.88,3362.6400000000003
Ord952_2,Ord952,M137,5,4274.56,21372.800000000003
Ord952_3,Ord952,M150,3,1061.83,3185.49
Ord953_1,Ord953,M294,2,2831.44,5662.88
Ord953_2,Ord953,M86,5,4419.4,22097.0
Ord954_1,Ord954,M171,2,1690.73,3381.46
Ord954_2,Ord954,M113,1,702.68,702.68
Ord955_1,Ord955,M305,2,1665.73,3331.46
Ord956_1,Ord956,M266,5,3411.67,17058.35
Ord957_1,Ord957,M250,3,3733.01,11199.03
Ord957_2,Ord957,M187,1,4509.65,4509.65
Ord957_3,Ord957,M16,2,4743.6,9487.2
Ord958_1,Ord958,M239,2,3901.72,7803.44
Ord958_2,Ord958,M206,5,4577.08,22885.4
Ord959_1,Ord959,M142,2,1475.66,2951.32
Ord959_2,Ord959,M30,5,2224.12,11120.599999999999
Ord959_3,Ord959,M123,2,3563.39,7126.78
Ord960_1,Ord960,M92,2,666.31,1332.62
Ord960_2,Ord960,M213,5,4202.04,21010.2
Ord961_1,Ord961,M217,2,4500.42,9000.84
Ord961_2,Ord961,M28,1,969.65,969.65
Ord961_3,Ord961,M6,3,4420.15,13260.449999999999
Ord962_1,Ord962,M293,2,4190.44,8380.88
Ord962_2,Ord962,M146,3,663.66,1990.98
Ord962_3,Ord962,M241,1,4693.88,4693.88
Ord963_1,Ord963,M73,4,3397.78,13591.12
Ord963_2,Ord963,M308,4,3138.95,12555.8
Ord964_1,Ord964,M261,5,2791.14,13955.699999999999
Ord964_2,Ord964,M121,3,4133.1,12399.300000000001
Ord964_3,Ord964,M119,4,4352.95,17411.8
Ord965_1,Ord965,M63,4,591.29,2365.16
Ord965_2,Ord965,M260,1,1856.75,1856.75
Ord966_1,Ord966,M66,4,3193.09,12772.36
Ord967_1,Ord967,M226,2,4602.85,9205.7
Ord967_2,Ord967,M77,3,588.62,1765.8600000000001
Ord967_3,Ord967,M228,3,1836.6,5509.799999999999
Ord968_1,Ord968,M118,1,2273.36,2273.36
Ord969_1,Ord969,M37,2,2235.46,4470.92
Ord969_2,Ord969,M137,5,4274.56,21372.800000000003
Ord970_1,Ord970,M270,3,4415.94,13247.82
Ord971_1,Ord971,M287,5,1675.19,8375.95
Ord971_2,Ord971,M219,3,1737.63,5212.89
Ord972_1,Ord972,M89,3,4072.73,12218.19
Ord972_2,Ord972,M109,2,531.7,1063.4
Ord972_3,Ord972,M276,5,1659.19,8295.95
Ord973_1,Ord973,M304,3,778.06,2334.18
Ord974_1,Ord974,M16,1,4743.6,4743.6
Ord975_1,Ord975,M288,3,4858.21,14574.630000000001
Ord976_1,Ord976,M83,5,341.64,1708.1999999999998
Ord977_1,Ord977,M75,3,4499.56,13498.68
Ord978_1,Ord978,M139,2,2602.59,5205.18
Ord978_2,Ord978,M81,2,1262.51,2525.02
Ord978_3,Ord978,M247,1,1185.03,1185.03
Ord979_1,Ord979,M284,3,2049.43,6148.289999999999
Ord979_2,Ord979,M46,1,2631.74,2631.74
Ord979_3,Ord979,M186,5,2024.0,10120.0
Ord980_1,Ord980,M166,1,4643.89,4643.89
Ord980_2,Ord980,M149,1,4401.16,4401.16
Ord980_3,Ord980,M86,5,4419.4,22097.0
Ord981_1,Ord981,M149,2,4401.16,8802.32
Ord982_1,Ord982,M133,2,1824.94,3649.88
Ord982_2,Ord982,M34,5,665.64,3328.2
Ord983_1,Ord983,M216,4,1646.83,6587.32
Ord983_2,Ord983,M91,4,2629.65,10518.6
Ord983_3,Ord983,M140,1,525.01,525.01
Ord984_1,Ord984,M251,1,1120.88,1120.88
Ord984_2,Ord984,M6,2,4420.15,8840.3
Ord985_1,Ord985,M60,3,3206.48,9619.44
Ord985_2,Ord985,M41,4,3020.12,12080.48
Ord986_1,Ord986,M42,3,3755.48,11266.44
Ord986_2,Ord986,M122,4,4099.95,16399.8
Ord987_1,Ord987,M162,4,3367.88,13471.52
Ord987_2,Ord987,M31,4,1741.88,6967.52
Ord987_3,Ord987,M164,3,2637.33,7911.99
Ord988_1,Ord988,M169,5,2277.4,11387.0
Ord988_2,Ord988,M243,3,1067.92,3203.76
Ord988_3,Ord988,M78,3,4857.3,14571.900000000001
Ord989_1,Ord989,M66,2,3193.09,6386.18
Ord989_2,Ord989,M188,4,995.47,3981.88
Ord990_1,Ord990,M46,1,2631.74,2631.74
Ord990_2,Ord990,M244,1,3520.17,3520.17
Ord990_3,Ord990,M133,2,1824.94,3649.88
Ord991_1,Ord991,M8,5,2390.23,11951.15
Ord992_1,Ord992,M128,5,4426.24,22131.199999999997
Ord993_1,Ord993,M204,5,3697.73,18488.65
Ord994_1,Ord994,M39,1,2559.5,2559.5
Ord995_1,Ord995,M49,1,1253.64,1253.64
Ord995_2,Ord995,M105,4,4951.32,19805.28
Ord995_3,Ord995,M129,2,1922.49,3844.98
Ord996_1,Ord996,M210,2,1354.9,2709.8
Ord997_1,Ord997,M98,1,4405.92,4405.92
Ord997_2,Ord997,M234,2,2078.13,4156.26
Ord997_3,Ord997,M233,4,1822.13,7288.52
Ord998_1,Ord998,M289,1,1280.65,1280.65
Ord998_2,Ord998,M105,1,4951.32,4951.32
Ord999_1,Ord999,M217,2,4500.42,9000.84
Ord999_2,Ord999,M20,1,2657.39,2657.39
Ord999_3,Ord999,M4,3,3085.54,9256.619999999999
Ord1000_1,Ord1000,M149,2,4401.16,8802.32
Ord1000_2,Ord1000,M119,4,4352.95,17411.8
